gFameCheckerFlavorText_ProfOak0::
	.byte 0xFC, 0x01, 0x08, 0xFC, 0x03, 0x09, 0xBD, 0xDC, 0xD9, 0x00, 0xD7, 0xE3
	.byte 0xE7, 0xD5, 0x00, 0xDA, 0xD5, 0xAC, 0xFB, 0xFC, 0x01, 0x02, 0xFC, 0x03
	.byte 0x03, 0xC6, 0xBB, 0xBC, 0xC9, 0xCC, 0xBB, 0xCE, 0xC9, 0xCC, 0xC3, 0xC9
	.byte 0x00, 0xD8, 0xD9, 0xE0, 0x00, 0xCA, 0xCC, 0xC9, 0xC0, 0xBF, 0xCD, 0xCD
	.byte 0xC9, 0xCC, 0x00, 0xC9, 0xBB, 0xC5, 0xFF
gFameCheckerFlavorText_ProfOak1::
	.byte 0xFC, 0x01, 0x08, 0xFC, 0x03, 0x09, 0xBD, 0xDC, 0xD9, 0x00, 0xE8, 0xDD
	.byte 0xE4, 0xE3, 0x00, 0x1A, 0xAC, 0xFB, 0xFC, 0x06, 0x04, 0xFC, 0x01, 0x02
	.byte 0xFC, 0x03, 0x03, 0xCC, 0xD9, 0xD5, 0xE0, 0xDD, 0xEE, 0xEE, 0xD5, 0xE6
	.byte 0xD9, 0x00, 0xE9, 0xE2, 0xD5, 0x00, 0xDB, 0xE9, 0xDD, 0xD8, 0xD5, 0x00
	.byte 0xD7, 0xE3, 0xE1, 0xE4, 0xE0, 0xD9, 0xE8, 0xD5, 0x00, 0xD8, 0xDD, 0xFE
	.byte 0xE8, 0xE9, 0xE8, 0xE8, 0xDD, 0x00, 0xDD, 0x00, 0xCA, 0xC9, 0xC5, 0x1B
	.byte 0xC7, 0xC9, 0xC8, 0x00, 0xD8, 0xD9, 0xE0, 0x00, 0xE1, 0xE3, 0xE2, 0xD8
	.byte 0xE3, 0xB0, 0xFB, 0xD9, 0xE6, 0xD5, 0x00, 0xE5, 0xE9, 0xD9, 0xE7, 0xE8
	.byte 0xE3, 0x00, 0xDD, 0xE0, 0x00, 0xE1, 0xDD, 0xE3, 0x00, 0xDB, 0xE6, 0xD5
	.byte 0xE2, 0xD8, 0xD9, 0x00, 0xE7, 0xE3, 0xDB, 0xE2, 0xE3, 0xAB, 0xFF
gFameCheckerFlavorText_ProfOak2::
	.byte 0xFC, 0x01, 0x08, 0xFC, 0x03, 0x09, 0xBD, 0xDC, 0xD9, 0x00, 0xE8, 0xDD
	.byte 0xE4, 0xE3, 0x00, 0x1A, 0xAC, 0xFB, 0xFC, 0x06, 0x05, 0xFC, 0x01, 0x02
	.byte 0xFC, 0x03, 0x03, 0xC3, 0xE0, 0x00, 0xCA, 0xCC, 0xC9, 0xC0, 0xAD, 0x00
	.byte 0xC9, 0xBB, 0xC5, 0x00, 0x1A, 0x00, 0xE9, 0xE2, 0xB4, 0xD5, 0xE9, 0xE8
	.byte 0xE3, 0xE6, 0xDD, 0xE8, 0x16, 0x00, 0xDD, 0xE2, 0x00, 0xDA, 0xD5, 0xE8
	.byte 0xE8, 0xE3, 0xFE, 0xD8, 0xDD, 0x00, 0xCA, 0xC9, 0xC5, 0x1B, 0xC7, 0xC9
	.byte 0xC8, 0xAB, 0xFB, 0x05, 0x00, 0xE1, 0xE3, 0xE0, 0xE8, 0xE3, 0x00, 0xE7
	.byte 0xE8, 0xDD, 0xE1, 0xD5, 0xE8, 0xE3, 0x00, 0xD8, 0xD5, 0xDB, 0xE0, 0xDD
	.byte 0x00, 0xBB, 0xC6, 0xC6, 0xBF, 0xC8, 0xBB, 0xCE, 0xC9, 0xCC, 0xC3, 0xFE
	.byte 0xD8, 0xDD, 0x00, 0xCA, 0xC9, 0xC5, 0x1B, 0xC7, 0xC9, 0xC8, 0xAB, 0xFF
gFameCheckerFlavorText_ProfOak3::
	.byte 0xFC, 0x01, 0x08, 0xFC, 0x03, 0x09, 0xC0, 0xD5, 0xE1, 0xDD, 0xDB, 0xE0
	.byte 0xDD, 0xD5, 0x00, 0xD9, 0x00, 0xD5, 0xE1, 0xDD, 0xD7, 0xDD, 0xAC, 0xFB
	.byte 0xFC, 0x01, 0x02, 0xFC, 0x03, 0x03, 0xCA, 0xD5, 0xE6, 0xD9, 0x00, 0xD7
	.byte 0xDC, 0xD9, 0x00, 0xC7, 0xBB, 0xCC, 0xC1, 0xC3, 0x00, 0xD9, 0x00, 0xFD
	.byte 0x06, 0x00, 0xEA, 0xDD, 0xEA, 0xD5, 0xE2, 0xE3, 0xFE, 0xD7, 0xE3, 0xE2
	.byte 0x00, 0xDD, 0xE0, 0x00, 0xE2, 0xE3, 0xE2, 0xE2, 0xE3, 0xB8, 0x00, 0xDD
	.byte 0xE0, 0x00, 0xCA, 0xCC, 0xC9, 0xC0, 0xAD, 0x00, 0xC9, 0xBB, 0xC5, 0xAD
	.byte 0xFF
gFameCheckerFlavorText_ProfOak4::
	.byte 0xFC, 0x01, 0x08, 0xFC, 0x03, 0x09, 0xC0, 0xD5, 0xE1, 0xDD, 0xDB, 0xE0
	.byte 0xDD, 0xD5, 0x00, 0xD9, 0x00, 0xD5, 0xE1, 0xDD, 0xD7, 0xDD, 0xAC, 0xFB
	.byte 0xFC, 0x06, 0x05, 0xFC, 0x01, 0x02, 0xFC, 0x03, 0x03, 0xC9, 0xBB, 0xC5
	.byte 0x00, 0xE7, 0xD9, 0xE1, 0xD6, 0xE6, 0xD5, 0x00, 0xE1, 0xE3, 0xE0, 0xE8
	.byte 0xE3, 0x00, 0xDD, 0xE2, 0xE8, 0xD9, 0xE6, 0xD9, 0xE7, 0xE7, 0xD5, 0xE8
	.byte 0xE3, 0x00, 0xD5, 0x00, 0xE8, 0xD9, 0xAB, 0xFB, 0xC7, 0xE3, 0xE0, 0xE8
	.byte 0xDD, 0x00, 0xD5, 0xE2, 0xE2, 0xDD, 0x00, 0xDA, 0xD5, 0x00, 0xE5, 0xE9
	.byte 0xD9, 0xE0, 0x00, 0xEA, 0xD9, 0xD7, 0xD7, 0xDC, 0xDD, 0xD9, 0xE8, 0xE8
	.byte 0xE3, 0xFE, 0xD9, 0xE6, 0xD5, 0x00, 0xDA, 0xE3, 0xE6, 0xE8, 0xD9, 0x00
	.byte 0xD9, 0x00, 0xD5, 0xDA, 0xDA, 0xD5, 0xE7, 0xD7, 0xDD, 0xE2, 0xD5, 0xE2
	.byte 0xE8, 0xD9, 0xAB, 0xFF
gFameCheckerFlavorText_ProfOak5::
	.byte 0xFC, 0x01, 0x08, 0xFC, 0x03, 0x09, 0xBD, 0xDC, 0xD9, 0x00, 0xD7, 0xE3
	.byte 0xE7, 0xD5, 0x00, 0xDA, 0xD5, 0xAC, 0xFB, 0xFC, 0x06, 0x04, 0xFC, 0x01
	.byte 0x02, 0xFC, 0x03, 0x03, 0xC3, 0xE0, 0x00, 0xCA, 0xCC, 0xC9, 0xC0, 0xAD
	.byte 0x00, 0xC9, 0xBB, 0xC5, 0x00, 0xD5, 0xEA, 0xE6, 0x16, 0x00, 0xE4, 0xE6
	.byte 0xD9, 0xE7, 0xE8, 0xE3, 0x00, 0xDD, 0xE0, 0x00, 0xE7, 0xE9, 0xE3, 0xFE
	.byte 0xE4, 0xE6, 0xE3, 0xDB, 0xE6, 0xD5, 0xE1, 0xE1, 0xD5, 0x00, 0xE6, 0xD5
	.byte 0xD8, 0xDD, 0xE3, 0x00, 0xE4, 0xD9, 0xE6, 0xE7, 0xE3, 0xE2, 0xD5, 0xE0
	.byte 0xD9, 0xAD, 0xFA, 0xCD, 0xDD, 0x00, 0xD7, 0xDC, 0xDD, 0xD5, 0xE1, 0xD9
	.byte 0xE6, 0x16, 0x00, 0xC6, 0xB4, 0xBB, 0xC8, 0xC1, 0xC9, 0xC6, 0xC9, 0x00
	.byte 0xCA, 0xC9, 0xC5, 0x1B, 0xC7, 0xC9, 0xC8, 0x00, 0xD8, 0xDD, 0xFA, 0xC9
	.byte 0xBB, 0xC5, 0xAD, 0xFF
gFameCheckerFlavorText_Daisy0::
	.byte 0xFC, 0x01, 0x08, 0xFC, 0x03, 0x09, 0xBD, 0xDC, 0xD9, 0x00, 0xD7, 0xE3
	.byte 0xE7, 0xD5, 0x00, 0xDA, 0xD5, 0xAC, 0xFB, 0xFC, 0x06, 0x04, 0xFC, 0x01
	.byte 0x02, 0xFC, 0x03, 0x03, 0xCD, 0xD9, 0x00, 0xE1, 0xE3, 0xE7, 0xE8, 0xE6
	.byte 0xDD, 0x00, 0xD5, 0x00, 0xC7, 0xBB, 0xCC, 0xC1, 0xC3, 0x00, 0xE9, 0xE2
	.byte 0xFE, 0xCA, 0xC9, 0xC5, 0x1B, 0xC7, 0xC9, 0xC8, 0xB8, 0x00, 0xE8, 0xDD
	.byte 0x00, 0xD8, 0xDD, 0xE6, 0x16, 0x00, 0xE5, 0xE9, 0xD5, 0xE2, 0xE8, 0xE3
	.byte 0xFA, 0xE8, 0xDD, 0x00, 0x1A, 0x00, 0xD5, 0xE1, 0xDD, 0xD7, 0xE3, 0xAD
	.byte 0xFB, 0xCA, 0xE3, 0xE8, 0xE6, 0xD9, 0xD6, 0xD6, 0xD9, 0x00, 0xD5, 0xE2
	.byte 0xD7, 0xDC, 0xD9, 0x00, 0xE7, 0xE4, 0xD5, 0xEE, 0xEE, 0xE3, 0xE0, 0xD5
	.byte 0xE6, 0xE2, 0xD9, 0xFE, 0xE9, 0xE2, 0xE3, 0x00, 0xE4, 0xD9, 0xE6, 0x00
	.byte 0xE8, 0xD9, 0xAD, 0xFF
gFameCheckerFlavorText_Daisy1::
	.byte 0xFC, 0x01, 0x08, 0xFC, 0x03, 0x09, 0xBD, 0xE3, 0xE1, 0xB4, 0x1A, 0x00
	.byte 0xE5, 0xE9, 0xD9, 0xE7, 0xE8, 0xD5, 0x00, 0xE4, 0xD9, 0xE6, 0xE7, 0xE3
	.byte 0xE2, 0xD5, 0xAC, 0xFB, 0xFC, 0x06, 0x05, 0xFC, 0x01, 0x02, 0xFC, 0x03
	.byte 0x03, 0xC7, 0xD5, 0x00, 0xE0, 0xD5, 0x00, 0xE4, 0xD9, 0xE6, 0xE7, 0xE3
	.byte 0xE2, 0xD5, 0x00, 0xD7, 0xDC, 0xD9, 0x00, 0xDD, 0xE2, 0x00, 0xD5, 0xE7
	.byte 0xE7, 0xE3, 0xE0, 0xE9, 0xE8, 0xE3, 0x00, 0x1A, 0xFE, 0xE4, 0xDD, 0x26
	.byte 0x00, 0xD5, 0xE1, 0xD5, 0xE8, 0xD5, 0x00, 0xD8, 0xD5, 0xDD, 0x00, 0xCA
	.byte 0xC9, 0xC5, 0x1B, 0xC7, 0xC9, 0xC8, 0x00, 0x1A, 0x00, 0xC7, 0xBB, 0xCC
	.byte 0xC1, 0xC3, 0xB8, 0xFA, 0xD7, 0xE6, 0xD9, 0xD8, 0xE3, 0xAD, 0xFF
gFameCheckerFlavorText_Daisy2::
	.byte 0xFC, 0x01, 0x08, 0xFC, 0x03, 0x09, 0xBD, 0xDC, 0xD9, 0x00, 0xE8, 0xDD
	.byte 0xE4, 0xE3, 0x00, 0x1A, 0xAC, 0xFB, 0xFC, 0x06, 0x04, 0xFC, 0x01, 0x02
	.byte 0xFC, 0x03, 0x03, 0xCD, 0xDD, 0x00, 0xD7, 0xDC, 0xDD, 0xD5, 0xE1, 0xD5
	.byte 0xEA, 0xD5, 0x00, 0xC7, 0xBB, 0xCC, 0xC1, 0xC3, 0xB8, 0x00, 0xE7, 0xD9
	.byte 0xFE, 0xE2, 0xE3, 0xE2, 0x00, 0xE7, 0xD6, 0xD5, 0xDB, 0xE0, 0xDD, 0xE3
	.byte 0xAD, 0xFB, 0xCD, 0xE4, 0xD5, 0xEE, 0xEE, 0xE3, 0xE0, 0xD5, 0xEA, 0xD5
	.byte 0x00, 0xDD, 0x00, 0xCA, 0xC9, 0xC5, 0x1B, 0xC7, 0xC9, 0xC8, 0x00, 0xD7
	.byte 0xE3, 0xE2, 0xFE, 0xE8, 0xD5, 0xE2, 0xE8, 0xE3, 0x00, 0xD5, 0xE1, 0xE3
	.byte 0xE6, 0xD9, 0xAB, 0xFF
gFameCheckerFlavorText_Daisy3::
	.byte 0xFC, 0x01, 0x08, 0xFC, 0x03, 0x09, 0xC0, 0xD5, 0xE1, 0xDD, 0xDB, 0xE0
	.byte 0xDD, 0xD5, 0x00, 0xD9, 0x00, 0xD5, 0xE1, 0xDD, 0xD7, 0xDD, 0xAC, 0xFB
	.byte 0xFC, 0x01, 0x02, 0xFC, 0x03, 0x03, 0xCA, 0xD5, 0xE6, 0xD9, 0x00, 0xD7
	.byte 0xDC, 0xD9, 0x00, 0xC7, 0xBB, 0xCC, 0xC1, 0xC3, 0x00, 0xD9, 0x00, 0xFD
	.byte 0x06, 0x00, 0xEA, 0xDD, 0xEA, 0xD5, 0xE2, 0xE3, 0xFE, 0xD7, 0xE3, 0xE2
	.byte 0x00, 0xDD, 0xE0, 0x00, 0xE2, 0xE3, 0xE2, 0xE2, 0xE3, 0xB8, 0x00, 0xDD
	.byte 0xE0, 0x00, 0xCA, 0xCC, 0xC9, 0xC0, 0xAD, 0x00, 0xC9, 0xBB, 0xC5, 0xAD
	.byte 0xFF
gFameCheckerFlavorText_Daisy4::
	.byte 0xFC, 0x01, 0x08, 0xFC, 0x03, 0x09, 0xBD, 0xDC, 0xD9, 0x00, 0xE8, 0xDD
	.byte 0xE4, 0xE3, 0x00, 0x1A, 0xAC, 0xFB, 0xFC, 0x06, 0x05, 0xFC, 0x01, 0x02
	.byte 0xFC, 0x03, 0x03, 0x05, 0x00, 0xD8, 0xDD, 0x00, 0xBC, 0xC3, 0xBB, 0xC8
	.byte 0xBD, 0xBB, 0xD0, 0xC3, 0xC6, 0xC6, 0xBB, 0x00, 0xD9, 0x00, 0xD6, 0xD9
	.byte 0xEA, 0xD9, 0x00, 0xCE, 0x05, 0xFE, 0xE8, 0xE9, 0xE8, 0xE8, 0xDD, 0x00
	.byte 0xDD, 0x00, 0xDB, 0xDD, 0xE3, 0xE6, 0xE2, 0xDD, 0xAD, 0xFB, 0xD0, 0xD5
	.byte 0x00, 0xE7, 0xE4, 0xD9, 0xE7, 0xE7, 0xE3, 0x00, 0xD5, 0x00, 0xD7, 0xE3
	.byte 0xE1, 0xE4, 0xE6, 0xD5, 0xE6, 0xD9, 0x00, 0xCE, 0x05, 0xFE, 0xD5, 0xE0
	.byte 0x00, 0xBD, 0xBF, 0xC8, 0xCE, 0xCC, 0xC9, 0x00, 0xBD, 0xC9, 0xC7, 0xC7
	.byte 0xBF, 0xCC, 0xBD, 0xC3, 0xBB, 0xC6, 0xBF, 0xFA, 0xD8, 0xDD, 0x00, 0xBB
	.byte 0xD4, 0xD4, 0xCF, 0xCC, 0xCC, 0xC9, 0xCA, 0xC9, 0xC6, 0xC3, 0xAD, 0xFF
gFameCheckerFlavorText_Daisy5::
	.byte 0xFC, 0x01, 0x08, 0xFC, 0x03, 0x09, 0xC6, 0xE3, 0x00, 0xE7, 0xD5, 0xE4
	.byte 0xD9, 0xEA, 0xDD, 0x00, 0xD7, 0xDC, 0xD9, 0xB0, 0xFB, 0xFC, 0x01, 0x02
	.byte 0xFC, 0x03, 0x03, 0xD0, 0xDD, 0xE2, 0xD7, 0xDD, 0xE8, 0xE6, 0xDD, 0xD7
	.byte 0xD9, 0x00, 0xD8, 0xD9, 0xE0, 0xE0, 0xD5, 0x00, 0xC1, 0xBB, 0xCC, 0xBB
	.byte 0x00, 0xCA, 0xC9, 0xC5, 0x1B, 0xC7, 0xC9, 0xC8, 0xFE, 0xD8, 0xDD, 0x00
	.byte 0xE5, 0xE9, 0xD9, 0xE7, 0xE8, 0xB4, 0xD5, 0xE2, 0xE2, 0xE3, 0x00, 0x1A
	.byte 0x00, 0xC7, 0xBB, 0xCC, 0xC1, 0xC3, 0x00, 0xC9, 0xBB, 0xC5, 0xFA, 0xD8
	.byte 0xDD, 0x00, 0xBC, 0xC3, 0xBB, 0xC8, 0xBD, 0xBB, 0xD0, 0xC3, 0xC6, 0xC6
	.byte 0xBB, 0xAB, 0xFF
gFameCheckerFlavorText_Brock0::
	.byte 0xFC, 0x01, 0x08, 0xFC, 0x03, 0x09, 0xBD, 0xDC, 0xD9, 0x00, 0xD7, 0xE3
	.byte 0xE7, 0xD5, 0x00, 0xDA, 0xD5, 0xAC, 0xFB, 0xFC, 0x01, 0x02, 0xFC, 0x03
	.byte 0x03, 0xBD, 0xBB, 0xCA, 0xC9, 0xCA, 0xBB, 0xC6, 0xBF, 0xCD, 0xCE, 0xCC
	.byte 0xBB, 0x00, 0xD8, 0xDD, 0x00, 0xCA, 0xC6, 0xCF, 0xC7, 0xBC, 0xBF, 0xC9
	.byte 0xCA, 0xC9, 0xC6, 0xC3, 0xF0, 0xFE, 0xBC, 0xCC, 0xC9, 0xBD, 0xC5, 0xFA
	.byte 0xC6, 0xB4, 0xBB, 0xC6, 0xC6, 0xBF, 0xC8, 0xBB, 0xCE, 0xC9, 0xCC, 0xBF
	.byte 0x00, 0xD8, 0xDD, 0x00, 0xCA, 0xC9, 0xC5, 0x1B, 0xC7, 0xC9, 0xC8, 0x00
	.byte 0xE4, 0xDD, 0x26, 0x00, 0xDA, 0xE3, 0xE6, 0xE8, 0xD9, 0xFA, 0xD8, 0xDD
	.byte 0x00, 0xE9, 0xE2, 0xD5, 0x00, 0xE6, 0xE3, 0xD7, 0xD7, 0xDD, 0xD5, 0xAB
	.byte 0xFF
gFameCheckerFlavorText_Brock1::
	.byte 0xFC, 0x01, 0x08, 0xFC, 0x03, 0x09, 0xCA, 0xC9, 0xC5, 0x1B, 0xC7, 0xC9
	.byte 0xC8, 0x00, 0xE4, 0xE6, 0xD9, 0xDA, 0xD9, 0xE6, 0xDD, 0xE8, 0xDD, 0xAC
	.byte 0xFB, 0xFC, 0x06, 0x04, 0xFC, 0x01, 0x02, 0xFC, 0x03, 0x03, 0xCD, 0xE3
	.byte 0xE2, 0xE3, 0x00, 0xBC, 0xCC, 0xC9, 0xBD, 0xC5, 0xAB, 0xFE, 0xC3, 0xE0
	.byte 0x00, 0xBD, 0xBB, 0xCA, 0xC9, 0xCA, 0xBB, 0xC6, 0xBF, 0xCD, 0xCE, 0xCC
	.byte 0xBB, 0x00, 0xD8, 0xDD, 0x00, 0xCA, 0xC6, 0xCF, 0xC7, 0xBC, 0xBF, 0xC9
	.byte 0xCA, 0xC9, 0xC6, 0xC3, 0xAB, 0xFB, 0xFC, 0x06, 0x04, 0xFC, 0x01, 0x02
	.byte 0xFC, 0x03, 0x03, 0xC3, 0xE0, 0x00, 0xE1, 0xDD, 0xE3, 0x00, 0xE1, 0xE3
	.byte 0xE8, 0xE8, 0xE3, 0x00, 0x1A, 0x00, 0xD8, 0xD9, 0xE8, 0xD9, 0xE6, 0xE1
	.byte 0xDD, 0xE2, 0xD5, 0xEE, 0xDD, 0xE3, 0xE2, 0xD9, 0x00, 0xD9, 0xFE, 0xD8
	.byte 0xDD, 0xDA, 0xD9, 0xE7, 0xD5, 0x00, 0xDB, 0xE6, 0xD5, 0xE2, 0xDD, 0xE8
	.byte 0xDD, 0xD7, 0xD5, 0xAB, 0xFB, 0xBF, 0xD7, 0xD7, 0xE3, 0x00, 0xE4, 0xD9
	.byte 0xE6, 0xD7, 0xDC, 0x1B, 0x00, 0xE8, 0xE9, 0xE8, 0xE8, 0xDD, 0x00, 0xDD
	.byte 0x00, 0xE1, 0xDD, 0xD9, 0xDD, 0x00, 0xCA, 0xC9, 0xC5, 0x1B, 0xC7, 0xC9
	.byte 0xC8, 0xFE, 0xE7, 0xE3, 0xE2, 0xE3, 0x00, 0xD8, 0xD9, 0xE0, 0x00, 0xE8
	.byte 0xDD, 0xE4, 0xE3, 0x00, 0xCC, 0xC9, 0xBD, 0xBD, 0xC3, 0xBB, 0xAB, 0xFF
gFameCheckerFlavorText_Brock2::
	.byte 0xFC, 0x01, 0x08, 0xFC, 0x03, 0x09, 0xBD, 0xDC, 0xD9, 0x00, 0xE8, 0xDD
	.byte 0xE4, 0xE3, 0x00, 0x1A, 0xAC, 0xFB, 0xFC, 0x06, 0x04, 0xFC, 0x01, 0x02
	.byte 0xFC, 0x03, 0x03, 0xC8, 0xE3, 0xE2, 0x00, 0xD7, 0xDD, 0x00, 0xE7, 0xE3
	.byte 0xE2, 0xE3, 0x00, 0xE8, 0xD5, 0xE2, 0xE8, 0xDD, 0x00, 0xBB, 0xC6, 0xC6
	.byte 0xBF, 0xC8, 0xBB, 0xCE, 0xC9, 0xCC, 0xC3, 0x00, 0xD8, 0xDD, 0xFE, 0xCA
	.byte 0xC9, 0xC5, 0x1B, 0xC7, 0xC9, 0xC8, 0x00, 0xE7, 0xD9, 0xE6, 0xDD, 0x00
	.byte 0xE5, 0xE9, 0xDD, 0xAB, 0xFB, 0xCD, 0xE3, 0xE2, 0xE3, 0x00, 0xE8, 0xE9
	.byte 0xE8, 0xE8, 0xDD, 0x00, 0xD8, 0xD9, 0xDD, 0x00, 0xCA, 0xC3, 0xC1, 0xC6
	.byte 0xC3, 0xBB, 0xC7, 0xC9, 0xCD, 0xBD, 0xC2, 0xBF, 0xAB, 0xFB, 0xCD, 0xDD
	.byte 0x00, 0xE7, 0xD5, 0xE0, 0xEA, 0xD5, 0x00, 0xE7, 0xE3, 0xE0, 0xE3, 0x00
	.byte 0xBC, 0xCC, 0xC9, 0xBD, 0xC5, 0x00, 0xD8, 0xD9, 0xE0, 0xE0, 0xD5, 0x00
	.byte 0xCA, 0xBB, 0xC6, 0xBF, 0xCD, 0xCE, 0xCC, 0xBB, 0xFE, 0xD8, 0xDD, 0x00
	.byte 0xCA, 0xC6, 0xCF, 0xC7, 0xBC, 0xBF, 0xC9, 0xCA, 0xC9, 0xC6, 0xC3, 0xAB
	.byte 0xFF
gFameCheckerFlavorText_Brock3::
	.byte 0xFC, 0x01, 0x08, 0xFC, 0x03, 0x09, 0xBD, 0xDC, 0xD9, 0x00, 0xE8, 0xDD
	.byte 0xE4, 0xE3, 0x00, 0x1A, 0xAC, 0xFB, 0xFC, 0x06, 0x04, 0xFC, 0x01, 0x02
	.byte 0xFC, 0x03, 0x03, 0xBC, 0xCC, 0xC9, 0xBD, 0xC5, 0x00, 0x1A, 0x00, 0xE9
	.byte 0xE2, 0x00, 0xDB, 0xE6, 0xD5, 0xE2, 0xD8, 0xD9, 0xAD, 0x00, 0xC8, 0xE3
	.byte 0xE2, 0x00, 0xE7, 0xE3, 0xE0, 0xE3, 0x00, 0x1A, 0xFE, 0xDA, 0xE3, 0xE6
	.byte 0xE8, 0xD9, 0xB8, 0x00, 0xE1, 0xD5, 0x00, 0xE7, 0xE3, 0xE4, 0xE6, 0xD5
	.byte 0xE8, 0xE8, 0xE9, 0xE8, 0xE8, 0xE3, 0x00, 0xDC, 0xD5, 0x00, 0xD7, 0xD5
	.byte 0xE6, 0xDD, 0xE7, 0xE1, 0xD5, 0xAD, 0xFB, 0xD0, 0xE3, 0xE6, 0xE6, 0xD9
	.byte 0xDD, 0x00, 0xD8, 0xDD, 0xEA, 0xD9, 0xE2, 0xE8, 0xD5, 0xE6, 0xD9, 0x00
	.byte 0xE9, 0xE2, 0x00, 0xBD, 0xBB, 0xCA, 0xC9, 0xCA, 0xBB, 0xC6, 0xBF, 0xCD
	.byte 0xCE, 0xCC, 0xBB, 0xFE, 0xD7, 0xE3, 0xE1, 0xD9, 0x00, 0xE0, 0xE9, 0xDD
	.byte 0xAD, 0xFF
gFameCheckerFlavorText_Brock4::
	.byte 0xFC, 0x01, 0x08, 0xFC, 0x03, 0x09, 0xBD, 0xDC, 0xD9, 0x00, 0xD7, 0xE3
	.byte 0xE7, 0xD5, 0x00, 0xDA, 0xD5, 0xAC, 0xFB, 0xFC, 0x06, 0x04, 0xFC, 0x01
	.byte 0x02, 0xFC, 0x03, 0x03, 0xBD, 0xDD, 0xD5, 0xE3, 0xB8, 0x00, 0xE7, 0xE3
	.byte 0xE2, 0xE3, 0x00, 0xEA, 0xD9, 0xE2, 0xE9, 0xE8, 0xE3, 0x00, 0xE7, 0xE9
	.byte 0xE0, 0x00, 0xC7, 0xC9, 0xC8, 0xCE, 0xBF, 0x00, 0xC6, 0xCF, 0xC8, 0xBB
	.byte 0xFE, 0xE4, 0xD9, 0xE6, 0x00, 0xD7, 0xD9, 0xE6, 0xD7, 0xD5, 0xE6, 0xD9
	.byte 0x00, 0xDA, 0xE3, 0xE7, 0xE7, 0xDD, 0xE0, 0xDD, 0x00, 0xE7, 0xE3, 0xE8
	.byte 0xE8, 0xE3, 0xE8, 0xD9, 0xE6, 0xE6, 0xD5, 0xAD, 0xFB, 0xBB, 0x00, 0xEA
	.byte 0xE3, 0xE0, 0xE8, 0xD9, 0x00, 0xEA, 0xDD, 0xD9, 0xE2, 0xD9, 0x00, 0xD5
	.byte 0xD8, 0x00, 0xD5, 0xDD, 0xE9, 0xE8, 0xD5, 0xE6, 0xE1, 0xDD, 0x00, 0xBC
	.byte 0xCC, 0xC9, 0xBD, 0xC5, 0x00, 0xFE, 0xD8, 0xD5, 0x00, 0xCA, 0xC6, 0xCF
	.byte 0xC7, 0xBC, 0xBF, 0xC9, 0xCA, 0xC9, 0xC6, 0xC3, 0xAD, 0xFF
gFameCheckerFlavorText_Brock5::
	.byte 0xFC, 0x01, 0x08, 0xFC, 0x03, 0x09, 0xBD, 0xDC, 0xD9, 0x00, 0xE8, 0xDD
	.byte 0xE4, 0xE3, 0x00, 0x1A, 0xAC, 0xFB, 0xFC, 0x01, 0x02, 0xFC, 0x03, 0x03
	.byte 0xBC, 0xCC, 0xC9, 0xBD, 0xC5, 0x00, 0xE6, 0xDD, 0xD8, 0xD9, 0x00, 0xD8
	.byte 0xDD, 0x00, 0xE6, 0xD5, 0xD8, 0xE3, 0xB8, 0x00, 0xE1, 0xD5, 0x00, 0xE5
	.byte 0xE9, 0xD5, 0xE2, 0xD8, 0xE3, 0xFE, 0xDD, 0xE2, 0xDD, 0xEE, 0xDD, 0xD5
	.byte 0xB8, 0x00, 0xE2, 0xE3, 0xE2, 0x00, 0xE6, 0xDD, 0xD9, 0xE7, 0xD7, 0xD9
	.byte 0x00, 0xE4, 0xDD, 0x26, 0x00, 0xD5, 0x00, 0xDA, 0xD9, 0xE6, 0xE1, 0xD5
	.byte 0xE6, 0xE7, 0xDD, 0xAD, 0xFF
gFameCheckerFlavorText_Misty0::
	.byte 0xFC, 0x01, 0x08, 0xFC, 0x03, 0x09, 0xBD, 0xDC, 0xD9, 0x00, 0xD7, 0xE3
	.byte 0xE7, 0xD5, 0x00, 0xDA, 0xD5, 0xAC, 0xFB, 0xFC, 0x01, 0x02, 0xFC, 0x03
	.byte 0x03, 0xBD, 0xBB, 0xCA, 0xC9, 0xCA, 0xBB, 0xC6, 0xBF, 0xCD, 0xCE, 0xCC
	.byte 0xBB, 0x00, 0xD8, 0xDD, 0x00, 0xBD, 0xBF, 0xC6, 0xBF, 0xCD, 0xCE, 0xC9
	.byte 0xCA, 0xC9, 0xC6, 0xC3, 0xF0, 0xFE, 0xC7, 0xC3, 0xCD, 0xCE, 0xD3, 0xFA
	.byte 0xC6, 0xD5, 0x00, 0xE7, 0xDD, 0xE6, 0xD9, 0xE2, 0xD5, 0x00, 0xE1, 0xD5
	.byte 0xE7, 0xD7, 0xDC, 0xDD, 0xD5, 0xD7, 0xD7, 0xDD, 0xE3, 0xAB, 0xFF
gFameCheckerFlavorText_Misty1::
	.byte 0xFC, 0x01, 0x08, 0xFC, 0x03, 0x09, 0xCA, 0xC9, 0xC5, 0x1B, 0xC7, 0xC9
	.byte 0xC8, 0x00, 0xE4, 0xE6, 0xD9, 0xDA, 0xD9, 0xE6, 0xDD, 0xE8, 0xDD, 0xAC
	.byte 0xFB, 0xFC, 0x06, 0x05, 0xFC, 0x01, 0x02, 0xFC, 0x03, 0x03, 0xC6, 0xD5
	.byte 0x00, 0xE1, 0xDD, 0xD5, 0x00, 0xE8, 0xD5, 0xE8, 0xE8, 0xDD, 0xD7, 0xD5
	.byte 0x00, 0x1A, 0x00, 0xD8, 0xDD, 0x00, 0xD5, 0xE8, 0xE8, 0xD5, 0xD7, 0xD7
	.byte 0xE3, 0xFE, 0xE8, 0xE3, 0xE8, 0xD5, 0xE0, 0xD9, 0x00, 0xD7, 0xE3, 0xE2
	.byte 0x00, 0xCA, 0xC9, 0xC5, 0x1B, 0xC7, 0xC9, 0xC8, 0x00, 0xD8, 0xDD, 0x00
	.byte 0xE8, 0xDD, 0xE4, 0xE3, 0xFA, 0xBB, 0xBD, 0xCB, 0xCF, 0xBB, 0xAB, 0xFC
	.byte 0x01, 0x08, 0xFF
gFameCheckerFlavorText_Misty2::
	.byte 0xFC, 0x01, 0x08, 0xFC, 0x03, 0x09, 0xBD, 0xDC, 0xD9, 0x00, 0xE8, 0xDD
	.byte 0xE4, 0xE3, 0x00, 0x1A, 0xAC, 0xFB, 0xFC, 0x06, 0x04, 0xFC, 0x01, 0x02
	.byte 0xFC, 0x03, 0x03, 0xC7, 0xC3, 0xCD, 0xCE, 0xD3, 0x00, 0xE1, 0xDD, 0xDB
	.byte 0xE0, 0xDD, 0xE3, 0xE6, 0xD5, 0x00, 0xD7, 0xE3, 0xE2, 0xE8, 0xDD, 0xE2
	.byte 0xE9, 0xD5, 0xE1, 0xD9, 0xE2, 0xE8, 0xD9, 0xAB, 0xFB, 0xC8, 0xE3, 0xE2
	.byte 0x00, 0xE4, 0xD9, 0xE6, 0xD8, 0xD9, 0xE6, 0x16, 0x00, 0xD7, 0xD9, 0xE6
	.byte 0xE8, 0xE3, 0x00, 0xD7, 0xE3, 0xE2, 0xE8, 0xE6, 0xE3, 0x00, 0xD8, 0xDD
	.byte 0x00, 0xE8, 0xD9, 0xAB, 0xFF
gFameCheckerFlavorText_Misty3::
	.byte 0xFC, 0x01, 0x08, 0xFC, 0x03, 0x09, 0xC6, 0xE3, 0x00, 0xE7, 0xD5, 0xE4
	.byte 0xD9, 0xEA, 0xDD, 0x00, 0xD7, 0xDC, 0xD9, 0xB0, 0xFB, 0xFC, 0x06, 0x04
	.byte 0xFC, 0x01, 0x02, 0xFC, 0x03, 0x03, 0xCB, 0xE9, 0xD9, 0xE7, 0xE8, 0xDD
	.byte 0x00, 0xE4, 0xE3, 0xE7, 0xE8, 0xDD, 0x00, 0xE7, 0xE3, 0xE2, 0xE3, 0x00
	.byte 0xDA, 0xE6, 0xD9, 0xE5, 0xE9, 0xD9, 0xE2, 0xE8, 0xD5, 0xE8, 0xDD, 0x00
	.byte 0xD8, 0xD5, 0xFE, 0xDA, 0xE3, 0xE6, 0xE8, 0xDD, 0x00, 0xBB, 0xC6, 0xC6
	.byte 0xBF, 0xC8, 0xBB, 0xCE, 0xC9, 0xCC, 0xC3, 0x00, 0xD9, 0x00, 0xCA, 0xC9
	.byte 0xC5, 0x1B, 0xC7, 0xC9, 0xC8, 0x00, 0xD8, 0xDD, 0xFA, 0xE8, 0xDD, 0xE4
	.byte 0xE3, 0x00, 0xBB, 0xBD, 0xCB, 0xCF, 0xBB, 0xAD, 0xFB, 0xCA, 0xD5, 0xE6
	.byte 0xD9, 0x00, 0xD7, 0xDC, 0xD9, 0x00, 0xC7, 0xC3, 0xCD, 0xCE, 0xD3, 0x00
	.byte 0xD8, 0xDD, 0x00, 0xBD, 0xBF, 0xC6, 0xBF, 0xCD, 0xCE, 0xC9, 0xCA, 0xC9
	.byte 0xC6, 0xC3, 0xFE, 0xE7, 0xDD, 0x00, 0xD5, 0xE0, 0xE0, 0xD9, 0xE2, 0xDD
	.byte 0x00, 0xD8, 0xD5, 0x00, 0xE5, 0xE9, 0xD9, 0xE7, 0xE8, 0xD9, 0x00, 0xE4
	.byte 0xD5, 0xE6, 0xE8, 0xDD, 0xAD, 0xFF
gFameCheckerFlavorText_Misty4::
	.byte 0xFC, 0x01, 0x08, 0xFC, 0x03, 0x09, 0xC6, 0xE3, 0x00, 0xE7, 0xD5, 0xE4
	.byte 0xD9, 0xEA, 0xDD, 0x00, 0xD7, 0xDC, 0xD9, 0xB0, 0xFB, 0xFC, 0x06, 0x05
	.byte 0xFC, 0x01, 0x02, 0xFC, 0x03, 0x03, 0xCB, 0xE9, 0xD9, 0xE7, 0xE8, 0xE3
	.byte 0x00, 0xD7, 0xD5, 0xE4, 0xE3, 0x00, 0x1A, 0x00, 0xDA, 0xD5, 0xE1, 0xE3
	.byte 0xE7, 0xE3, 0x00, 0xE4, 0xD9, 0xE6, 0x00, 0xDB, 0xE0, 0xDD, 0xFE, 0xD5
	.byte 0xE4, 0xE4, 0xE9, 0xE2, 0xE8, 0xD5, 0xE1, 0xD9, 0xE2, 0xE8, 0xDD, 0x00
	.byte 0xDA, 0xE6, 0xD5, 0x00, 0xDD, 0xE2, 0xE2, 0xD5, 0xE1, 0xE3, 0xE6, 0xD5
	.byte 0xE8, 0xDD, 0xAD, 0xFB, 0xC7, 0xC3, 0xCD, 0xCE, 0xD3, 0xB8, 0x00, 0xE0
	.byte 0xD5, 0x00, 0xE2, 0xE3, 0xE7, 0xE8, 0xE6, 0xD5, 0x00, 0xBD, 0xBB, 0xCA
	.byte 0xC9, 0xCA, 0xBB, 0xC6, 0xBF, 0xCD, 0xCE, 0xCC, 0xBB, 0xB8, 0x00, 0x1A
	.byte 0xFE, 0xE1, 0xE3, 0xE0, 0xE8, 0xE3, 0x00, 0xE0, 0xD9, 0xDB, 0xD5, 0xE8
	.byte 0xD5, 0x00, 0xD5, 0x00, 0xE5, 0xE9, 0xD9, 0xE7, 0xE8, 0xE3, 0x00, 0xE0
	.byte 0xE9, 0xE3, 0xDB, 0xE3, 0xAD, 0xFF
gFameCheckerFlavorText_Misty5::
	.byte 0xFC, 0x01, 0x08, 0xFC, 0x03, 0x09, 0xC6, 0xE3, 0x00, 0xE7, 0xD5, 0xE4
	.byte 0xD9, 0xEA, 0xDD, 0x00, 0xD7, 0xDC, 0xD9, 0xB0, 0xFB, 0xFC, 0x01, 0x02
	.byte 0xFC, 0x03, 0x03, 0xC7, 0xC3, 0xCD, 0xCE, 0xD3, 0x00, 0x1A, 0x00, 0xE9
	.byte 0xE2, 0xD5, 0x00, 0xDA, 0xD5, 0xE2, 0x00, 0xD8, 0xDD, 0x00, 0xC6, 0xC9
	.byte 0xCC, 0xBF, 0xC6, 0xBF, 0xC3, 0xFE, 0xD8, 0xD9, 0xDD, 0x00, 0xCD, 0xCF
	.byte 0xCA, 0xBF, 0xCC, 0xCB, 0xCF, 0xBB, 0xCE, 0xCE, 0xCC, 0xC9, 0xAB, 0xFF
gFameCheckerFlavorText_LtSurge0::
	.byte 0xFC, 0x01, 0x08, 0xFC, 0x03, 0x09, 0xBD, 0xDC, 0xD9, 0x00, 0xD7, 0xE3
	.byte 0xE7, 0xD5, 0x00, 0xDA, 0xD5, 0xAC, 0xFB, 0xFC, 0x01, 0x02, 0xFC, 0x03
	.byte 0x03, 0xBD, 0xBB, 0xCA, 0xC9, 0xCA, 0xBB, 0xC6, 0xBF, 0xCD, 0xCE, 0xCC
	.byte 0xBB, 0x00, 0xD8, 0xDD, 0x00, 0xBB, 0xCC, 0xBB, 0xC8, 0xBD, 0xC3, 0xC9
	.byte 0xCA, 0xC9, 0xC6, 0xC3, 0xF0, 0xFE, 0xC6, 0xCE, 0xAD, 0x00, 0xCD, 0xCF
	.byte 0xCC, 0xC1, 0xBF, 0xFA, 0xC6, 0xB4, 0xD5, 0xE1, 0xD9, 0xE6, 0xDD, 0xD7
	.byte 0xD5, 0xE2, 0xE3, 0x00, 0xDA, 0xE9, 0xE0, 0xE1, 0xDD, 0xE2, 0xD5, 0xE2
	.byte 0xE8, 0xD9, 0xAB, 0xFF
gFameCheckerFlavorText_LtSurge1::
	.byte 0xFC, 0x01, 0x08, 0xFC, 0x03, 0x09, 0xCA, 0xC9, 0xC5, 0x1B, 0xC7, 0xC9
	.byte 0xC8, 0x00, 0xE4, 0xE6, 0xD9, 0xDA, 0xD9, 0xE6, 0xDD, 0xE8, 0xDD, 0xAC
	.byte 0xFB, 0xFC, 0x06, 0x04, 0xFC, 0x01, 0x02, 0xFC, 0x03, 0x03, 0xBE, 0xD9
	.byte 0xEA, 0xDD, 0x00, 0xE7, 0xD5, 0xE4, 0xD9, 0xE6, 0xD9, 0x00, 0xD7, 0xDC
	.byte 0xD9, 0x00, 0xDD, 0x00, 0xCA, 0xC9, 0xC5, 0x1B, 0xC7, 0xC9, 0xC8, 0x00
	.byte 0xD9, 0xE0, 0xD9, 0xE8, 0xE8, 0xE6, 0xDD, 0xD7, 0xDD, 0xFE, 0xE1, 0xDD
	.byte 0x00, 0xDC, 0xD5, 0xE2, 0xE2, 0xE3, 0x00, 0xE7, 0xD5, 0xE0, 0xEA, 0xD5
	.byte 0xE8, 0xE3, 0x00, 0xDD, 0xE2, 0x00, 0xDB, 0xE9, 0xD9, 0xE6, 0xE6, 0xD5
	.byte 0xAB, 0xFF
gFameCheckerFlavorText_LtSurge2::
	.byte 0xFC, 0x01, 0x08, 0xFC, 0x03, 0x09, 0xBD, 0xDC, 0xD9, 0x00, 0xE8, 0xDD
	.byte 0xE4, 0xE3, 0x00, 0x1A, 0xAC, 0xFB, 0xFC, 0x06, 0x04, 0xFC, 0x01, 0x02
	.byte 0xFC, 0x03, 0x03, 0xCB, 0xE9, 0xD5, 0xE2, 0xD8, 0xE3, 0x00, 0xD9, 0xE6
	.byte 0xE3, 0x00, 0xE2, 0xD9, 0xE0, 0xE0, 0xB4, 0xD9, 0xE7, 0xD9, 0xE6, 0xD7
	.byte 0xDD, 0xE8, 0xE3, 0xB8, 0x00, 0xC6, 0xCE, 0xAD, 0x00, 0xCD, 0xCF, 0xCC
	.byte 0xC1, 0xBF, 0xFE, 0xD9, 0xE6, 0xD5, 0x00, 0xE1, 0xE3, 0xE0, 0xE8, 0xE3
	.byte 0x00, 0xE7, 0xD9, 0xEA, 0xD9, 0xE6, 0xE3, 0xAB, 0xFF
gFameCheckerFlavorText_LtSurge3::
	.byte 0xFC, 0x01, 0x08, 0xFC, 0x03, 0x09, 0xBD, 0xDC, 0xD9, 0x00, 0xE8, 0xDD
	.byte 0xE4, 0xE3, 0x00, 0x1A, 0xAC, 0xFB, 0xFC, 0x06, 0x04, 0xFC, 0x01, 0x02
	.byte 0xFC, 0x03, 0x03, 0xC6, 0xCE, 0xAD, 0x00, 0xCD, 0xCF, 0xCC, 0xC1, 0xBF
	.byte 0x00, 0x1A, 0x00, 0xE7, 0xD9, 0xE1, 0xE4, 0xE6, 0xD9, 0x00, 0xE7, 0xE8
	.byte 0xD5, 0xE8, 0xE3, 0x00, 0xE4, 0xE6, 0xE9, 0xD8, 0xD9, 0xE2, 0xE8, 0xD9
	.byte 0xAB, 0xFF
gFameCheckerFlavorText_LtSurge4::
	.byte 0xFC, 0x01, 0x08, 0xFC, 0x03, 0x09, 0xBD, 0xDC, 0xD9, 0x00, 0xE8, 0xDD
	.byte 0xE4, 0xE3, 0x00, 0x1A, 0xAC, 0xFB, 0xFC, 0x06, 0x04, 0xFC, 0x01, 0x02
	.byte 0xFC, 0x03, 0x03, 0xC6, 0xCE, 0xAD, 0x00, 0xCD, 0xCF, 0xCC, 0xC1, 0xBF
	.byte 0x00, 0xDC, 0xD5, 0x00, 0xE1, 0xD9, 0xE7, 0xE7, 0xE3, 0x00, 0xD8, 0xE3
	.byte 0xE4, 0xE4, 0xDD, 0xFE, 0xE0, 0xE9, 0xD7, 0xD7, 0xDC, 0xD9, 0xE8, 0xE8
	.byte 0xDD, 0x00, 0xE2, 0xD9, 0xE0, 0xE0, 0xD5, 0x00, 0xCA, 0xBB, 0xC6, 0xBF
	.byte 0xCD, 0xCE, 0xCC, 0xBB, 0xAD, 0xFF
gFameCheckerFlavorText_LtSurge5::
	.byte 0xFC, 0x01, 0x08, 0xFC, 0x03, 0x09, 0xC6, 0xE3, 0x00, 0xE7, 0xD5, 0xE4
	.byte 0xD9, 0xEA, 0xDD, 0x00, 0xD7, 0xDC, 0xD9, 0xB0, 0xFB, 0xFC, 0x01, 0x02
	.byte 0xFC, 0x03, 0x03, 0xCA, 0xD5, 0xE6, 0xD9, 0x00, 0xD7, 0xDC, 0xD9, 0x00
	.byte 0xDD, 0xE2, 0x00, 0xBB, 0xE1, 0xD9, 0xE6, 0xDD, 0xD7, 0xD5, 0xB8, 0x00
	.byte 0xD8, 0xE3, 0xEA, 0xB4, 0x1A, 0x00, 0xE2, 0xD5, 0xE8, 0xE3, 0xB8, 0xFE
	.byte 0xDA, 0xD5, 0xD7, 0xD9, 0xE7, 0xE7, 0xD9, 0x00, 0xDD, 0xE0, 0x00, 0xE4
	.byte 0xDD, 0xE0, 0xE3, 0xE8, 0xD5, 0xAD, 0xFB, 0xC3, 0xE0, 0x00, 0xE7, 0xE9
	.byte 0xE3, 0x00, 0xD5, 0xD9, 0xE6, 0xD9, 0xE3, 0x00, 0xD9, 0xE6, 0xD5, 0x00
	.byte 0xD5, 0xE0, 0xDD, 0xE1, 0xD9, 0xE2, 0xE8, 0xD5, 0xE8, 0xE3, 0x00, 0xD7
	.byte 0xE3, 0xE2, 0xFE, 0xE0, 0xB4, 0xD9, 0xE2, 0xD9, 0xE6, 0xDB, 0xDD, 0xD5
	.byte 0x00, 0xD8, 0xD9, 0xDD, 0x00, 0xCA, 0xC9, 0xC5, 0x1B, 0xC7, 0xC9, 0xC8
	.byte 0xAD, 0xFF
gFameCheckerFlavorText_Erika0::
	.byte 0xFC, 0x01, 0x08, 0xFC, 0x03, 0x09, 0xBD, 0xDC, 0xD9, 0x00, 0xD7, 0xE3
	.byte 0xE7, 0xD5, 0x00, 0xDA, 0xD5, 0xAC, 0xFB, 0xFC, 0x01, 0x02, 0xFC, 0x03
	.byte 0x03, 0xBD, 0xBB, 0xCA, 0xC9, 0xCA, 0xBB, 0xC6, 0xBF, 0xCD, 0xCE, 0xCC
	.byte 0xBB, 0x00, 0xD8, 0xDD, 0x00, 0xBB, 0xD4, 0xD4, 0xCF, 0xCC, 0xCC, 0xC9
	.byte 0xCA, 0xC9, 0xC6, 0xC3, 0xF0, 0xFE, 0xBF, 0xCC, 0xC3, 0xC5, 0xBB, 0xFA
	.byte 0xC6, 0xD5, 0x00, 0xE4, 0xE6, 0xDD, 0xE2, 0xD7, 0xDD, 0xE4, 0xD9, 0xE7
	.byte 0xE7, 0xD5, 0x00, 0xD5, 0xE1, 0xD5, 0xE2, 0xE8, 0xD9, 0x00, 0xD8, 0xD9
	.byte 0xE0, 0xE0, 0xD5, 0x00, 0xE2, 0xD5, 0xE8, 0xE9, 0xE6, 0xD5, 0xAB, 0xFF
gFameCheckerFlavorText_Erika1::
	.byte 0xFC, 0x01, 0x08, 0xFC, 0x03, 0x09, 0xCA, 0xC9, 0xC5, 0x1B, 0xC7, 0xC9
	.byte 0xC8, 0x00, 0xE4, 0xE6, 0xD9, 0xDA, 0xD9, 0xE6, 0xDD, 0xE8, 0xDD, 0xAC
	.byte 0xFB, 0xFC, 0x06, 0x05, 0xFC, 0x01, 0x02, 0xFC, 0x03, 0x03, 0xCD, 0xE8
	.byte 0xE9, 0xD8, 0xDD, 0xE3, 0x00, 0xE0, 0xB4, 0xD5, 0xE6, 0xE8, 0xD9, 0x00
	.byte 0xD8, 0xD9, 0xE0, 0xE0, 0xD9, 0x00, 0xD7, 0xE3, 0xE1, 0xE4, 0xE3, 0xE7
	.byte 0xDD, 0xEE, 0xDD, 0xE3, 0xE2, 0xDD, 0xFE, 0xDA, 0xE0, 0xE3, 0xE6, 0xD9
	.byte 0xD5, 0xE0, 0xDD, 0xAD, 0x00, 0xC3, 0x00, 0xE1, 0xDD, 0xD9, 0xDD, 0x00
	.byte 0xCA, 0xC9, 0xC5, 0x1B, 0xC7, 0xC9, 0xC8, 0x00, 0xE7, 0xE3, 0xE2, 0xE3
	.byte 0xFA, 0xD8, 0xDD, 0x00, 0xE8, 0xDD, 0xE4, 0xE3, 0x00, 0xBF, 0xCC, 0xBC
	.byte 0xBB, 0xAD, 0xFF
gFameCheckerFlavorText_Erika2::
	.byte 0xFC, 0x01, 0x08, 0xFC, 0x03, 0x09, 0xBD, 0xDC, 0xD9, 0x00, 0xE8, 0xDD
	.byte 0xE4, 0xE3, 0x00, 0x1A, 0xAC, 0xFB, 0xFC, 0x06, 0x05, 0xFC, 0x01, 0x02
	.byte 0xFC, 0x03, 0x03, 0xBF, 0xCC, 0xC3, 0xC5, 0xBB, 0xB8, 0x00, 0xDD, 0xE0
	.byte 0x00, 0xE2, 0xE3, 0xE7, 0xE8, 0xE6, 0xE3, 0x00, 0xBD, 0xBB, 0xCA, 0xC9
	.byte 0xCA, 0xBB, 0xC6, 0xBF, 0xCD, 0xCE, 0xCC, 0xBB, 0xB8, 0xFE, 0x1A, 0x00
	.byte 0xE1, 0xE3, 0xE0, 0xE8, 0xE3, 0x00, 0xE8, 0xE6, 0xD5, 0xE2, 0xE5, 0xE9
	.byte 0xDD, 0xE0, 0xE0, 0xD5, 0xB8, 0x00, 0xE1, 0xD5, 0x00, 0xD5, 0xE0, 0xE8
	.byte 0xE6, 0xD9, 0xE8, 0xE8, 0xD5, 0xE2, 0xE8, 0xE3, 0xFA, 0xD7, 0xD5, 0xE4
	.byte 0xD5, 0xD7, 0xD9, 0xAB, 0xFF
gFameCheckerFlavorText_Erika3::
	.byte 0xFC, 0x01, 0x08, 0xFC, 0x03, 0x09, 0xBD, 0xDC, 0xD9, 0x00, 0xE8, 0xDD
	.byte 0xE4, 0xE3, 0x00, 0x1A, 0xAC, 0xFB, 0xFC, 0x06, 0x05, 0xFC, 0x01, 0x02
	.byte 0xFC, 0x03, 0x03, 0xC3, 0xE2, 0x00, 0xE5, 0xE9, 0xD9, 0xE7, 0xE8, 0xD5
	.byte 0x00, 0xCA, 0xBB, 0xC6, 0xBF, 0xCD, 0xCE, 0xCC, 0xBB, 0x00, 0xE9, 0xE7
	.byte 0xDD, 0xD5, 0xE1, 0xE3, 0x00, 0xE7, 0xE3, 0xE0, 0xE3, 0xFE, 0xCA, 0xC9
	.byte 0xC5, 0x1B, 0xC7, 0xC9, 0xC8, 0x00, 0xD8, 0xDD, 0x00, 0xE8, 0xDD, 0xE4
	.byte 0xE3, 0x00, 0xBF, 0xCC, 0xBC, 0xBB, 0xAB, 0xFB, 0xC6, 0xDD, 0x00, 0xE9
	.byte 0xE7, 0xDD, 0xD5, 0xE1, 0xE3, 0x00, 0xE4, 0xD9, 0xE6, 0xE7, 0xDD, 0xE2
	.byte 0xE3, 0x00, 0xE4, 0xD9, 0xE6, 0x00, 0xE0, 0xD9, 0x00, 0xE2, 0xE3, 0xE7
	.byte 0xE8, 0xE6, 0xD9, 0xFE, 0xD7, 0xE3, 0xE1, 0xE4, 0xE3, 0xE7, 0xDD, 0xEE
	.byte 0xDD, 0xE3, 0xE2, 0xDD, 0x00, 0xDA, 0xE0, 0xE3, 0xE6, 0xD9, 0xD5, 0xE0
	.byte 0xDD, 0xAB, 0xFF
gFameCheckerFlavorText_Erika4::
	.byte 0xFC, 0x01, 0x08, 0xFC, 0x03, 0x09, 0xCA, 0xC9, 0xC5, 0x1B, 0xC7, 0xC9
	.byte 0xC8, 0x00, 0xE4, 0xE6, 0xD9, 0xDA, 0xD9, 0xE6, 0xDD, 0xE8, 0xDD, 0xAC
	.byte 0xFB, 0xFC, 0x06, 0x05, 0xFC, 0x01, 0x02, 0xFC, 0x03, 0x03, 0xCD, 0xE8
	.byte 0xD5, 0xDD, 0x00, 0xD7, 0xD5, 0xE8, 0xD5, 0xE0, 0xE3, 0xDB, 0xD5, 0xE2
	.byte 0xD8, 0xE3, 0x00, 0xDD, 0x00, 0xCA, 0xC9, 0xC5, 0x1B, 0xC7, 0xC9, 0xC8
	.byte 0xAC, 0xFE, 0xCD, 0xE3, 0xE2, 0xE3, 0x00, 0xD7, 0xE3, 0xE0, 0xE4, 0xDD
	.byte 0xE8, 0xD5, 0xAB, 0xFB, 0xC8, 0xE3, 0xE2, 0x00, 0xD7, 0xE3, 0xE0, 0xE0
	.byte 0xD9, 0xEE, 0xDD, 0xE3, 0xE2, 0xD9, 0xE6, 0xD9, 0xDD, 0x00, 0xE1, 0xD5
	.byte 0xDD, 0x00, 0xDD, 0x00, 0xCA, 0xC9, 0xC5, 0x1B, 0xC7, 0xC9, 0xC8, 0xFE
	.byte 0xD6, 0xE6, 0xE9, 0xE8, 0xE8, 0xDD, 0xE2, 0xDD, 0xAD, 0xFF
gFameCheckerFlavorText_Erika5::
	.byte 0xFC, 0x01, 0x08, 0xFC, 0x03, 0x09, 0xC6, 0xE3, 0x00, 0xE7, 0xD5, 0xE4
	.byte 0xD9, 0xEA, 0xDD, 0x00, 0xD7, 0xDC, 0xD9, 0xB0, 0xFB, 0xFC, 0x01, 0x02
	.byte 0xFC, 0x03, 0x03, 0xCB, 0xE9, 0xD5, 0xE2, 0xD8, 0xE3, 0x00, 0x1A, 0x00
	.byte 0xE7, 0xE3, 0xE0, 0xD5, 0x00, 0xE2, 0xD9, 0xE0, 0xE0, 0xD5, 0x00, 0xCA
	.byte 0xBB, 0xC6, 0xBF, 0xCD, 0xCE, 0xCC, 0xBB, 0x00, 0xD8, 0xDD, 0xFE, 0xBB
	.byte 0xD4, 0xD4, 0xCF, 0xCC, 0xCC, 0xC9, 0xCA, 0xC9, 0xC6, 0xC3, 0xB8, 0x00
	.byte 0xE4, 0xD5, 0xE6, 0xD9, 0x00, 0xD7, 0xDC, 0xD9, 0x00, 0xBF, 0xCC, 0xC3
	.byte 0xC5, 0xBB, 0xFA, 0xE3, 0xDB, 0xE2, 0xDD, 0x00, 0xE8, 0xD5, 0xE2, 0xE8
	.byte 0xE3, 0x00, 0xE7, 0xD7, 0xDC, 0xDD, 0xD5, 0xD7, 0xD7, 0xDD, 0x00, 0xE9
	.byte 0xE2, 0x00, 0xE4, 0xDD, 0xE7, 0xE3, 0xE0, 0xDD, 0xE2, 0xE3, 0xAD, 0xFF
gFameCheckerFlavorText_Koga0::
	.byte 0xFC, 0x01, 0x08, 0xFC, 0x03, 0x09, 0xBD, 0xDC, 0xD9, 0x00, 0xD7, 0xE3
	.byte 0xE7, 0xD5, 0x00, 0xDA, 0xD5, 0xAC, 0xFB, 0xFC, 0x01, 0x02, 0xFC, 0x03
	.byte 0x03, 0xBD, 0xBB, 0xCA, 0xC9, 0xCA, 0xBB, 0xC6, 0xBF, 0xCD, 0xCE, 0xCC
	.byte 0xBB, 0x00, 0xD8, 0xDD, 0x00, 0xC0, 0xCF, 0xBD, 0xCD, 0xC3, 0xBB, 0xCA
	.byte 0xC9, 0xC6, 0xC3, 0xF0, 0xFE, 0xC5, 0xC9, 0xC1, 0xBB, 0xFA, 0xC3, 0xE0
	.byte 0x00, 0xEA, 0xD9, 0xE0, 0xD9, 0xE2, 0xE3, 0xE7, 0xE3, 0x00, 0xE1, 0xD5
	.byte 0xD9, 0xE7, 0xE8, 0xE6, 0xE3, 0x00, 0xE2, 0xDD, 0xE2, 0xDE, 0xD5, 0xFF
gFameCheckerFlavorText_Koga1::
	.byte 0xFC, 0x01, 0x08, 0xFC, 0x03, 0x09, 0xCA, 0xC9, 0xC5, 0x1B, 0xC7, 0xC9
	.byte 0xC8, 0x00, 0xE4, 0xE6, 0xD9, 0xDA, 0xD9, 0xE6, 0xDD, 0xE8, 0xDD, 0xAC
	.byte 0xFB, 0xFC, 0x06, 0x04, 0xFC, 0x01, 0x02, 0xFC, 0x03, 0x03, 0xCA, 0xE6
	.byte 0xE3, 0xEA, 0xD9, 0xE6, 0xD5, 0xDD, 0x00, 0xE0, 0xD5, 0x00, 0xDA, 0xE3
	.byte 0xE6, 0xEE, 0xD5, 0x00, 0xE8, 0xD9, 0xE6, 0xE6, 0xE3, 0xE6, 0xDD, 0xEE
	.byte 0xEE, 0xD5, 0xE2, 0xE8, 0xD9, 0x00, 0xD8, 0xD9, 0xDD, 0xFE, 0xCA, 0xC9
	.byte 0xC5, 0x1B, 0xC7, 0xC9, 0xC8, 0x00, 0xD8, 0xDD, 0x00, 0xE8, 0xDD, 0xE4
	.byte 0xE3, 0x00, 0xD0, 0xBF, 0xC6, 0xBF, 0xC8, 0xC9, 0xAB, 0xFF
gFameCheckerFlavorText_Koga2::
	.byte 0xFC, 0x01, 0x08, 0xFC, 0x03, 0x09, 0xBD, 0xDC, 0xD9, 0x00, 0xE8, 0xDD
	.byte 0xE4, 0xE3, 0x00, 0x1A, 0xAC, 0xFB, 0xFC, 0x06, 0x04, 0xFC, 0x01, 0x02
	.byte 0xFC, 0x03, 0x03, 0xBD, 0xE3, 0xE2, 0xE8, 0xDD, 0xE2, 0xE9, 0xD9, 0xE6
	.byte 0x22, 0x00, 0xD5, 0x00, 0xE7, 0xD9, 0xDB, 0xE9, 0xDD, 0xE6, 0xD9, 0x00
	.byte 0xDB, 0xE0, 0xDD, 0xFE, 0xDD, 0xE2, 0xE7, 0xD9, 0xDB, 0xE2, 0xD5, 0xE1
	.byte 0xD9, 0xE2, 0xE8, 0xDD, 0x00, 0xD8, 0xDD, 0x00, 0xC5, 0xC9, 0xC1, 0xBB
	.byte 0xB8, 0xFA, 0xDD, 0xE0, 0x00, 0xE1, 0xDD, 0xE3, 0x00, 0xE1, 0xD5, 0xD9
	.byte 0xE7, 0xE8, 0xE6, 0xE3, 0x00, 0xE2, 0xDD, 0xE2, 0xDE, 0xD5, 0xAB, 0xFF
gFameCheckerFlavorText_Koga3::
	.byte 0xFC, 0x01, 0x08, 0xFC, 0x03, 0x09, 0xC0, 0xD5, 0xE1, 0xDD, 0xDB, 0xE0
	.byte 0xDD, 0xD5, 0x00, 0xD9, 0x00, 0xD5, 0xE1, 0xDD, 0xD7, 0xDD, 0xAC, 0xFB
	.byte 0xFC, 0x06, 0x05, 0xFC, 0x01, 0x02, 0xFC, 0x03, 0x03, 0xC7, 0xDD, 0xE3
	.byte 0x00, 0xE4, 0xD5, 0xD8, 0xE6, 0xD9, 0x00, 0x1A, 0x00, 0xDD, 0xE0, 0x00
	.byte 0xBD, 0xBB, 0xCA, 0xC9, 0xCA, 0xBB, 0xC6, 0xBF, 0xCD, 0xCE, 0xCC, 0xBB
	.byte 0xFE, 0xD8, 0xDD, 0x00, 0xE5, 0xE9, 0xD9, 0xE7, 0xE8, 0xD5, 0x00, 0xD7
	.byte 0xDD, 0xE8, 0xE8, 0x16, 0xAD, 0xFB, 0xBB, 0xE2, 0xD7, 0xDC, 0xB4, 0xDD
	.byte 0xE3, 0x00, 0xE1, 0xDD, 0x00, 0xD5, 0xE0, 0xE0, 0xD9, 0xE2, 0xE3, 0x00
	.byte 0xD7, 0xE3, 0xE2, 0x00, 0xDD, 0x00, 0xCA, 0xC9, 0xC5, 0x1B, 0xC7, 0xC9
	.byte 0xC8, 0xFE, 0xD8, 0xDD, 0x00, 0xE8, 0xDD, 0xE4, 0xE3, 0x00, 0xD0, 0xBF
	.byte 0xC6, 0xBF, 0xC8, 0xC9, 0xB8, 0x00, 0xE4, 0xE6, 0xE3, 0xE4, 0xE6, 0xDD
	.byte 0xE3, 0x00, 0xD7, 0xE3, 0xE1, 0xD9, 0x00, 0xE0, 0xE9, 0xDD, 0xAB, 0xFF
gFameCheckerFlavorText_Koga4::
	.byte 0xFC, 0x01, 0x08, 0xFC, 0x03, 0x09, 0xC6, 0xE3, 0x00, 0xE7, 0xD5, 0xE4
	.byte 0xD9, 0xEA, 0xDD, 0x00, 0xD7, 0xDC, 0xD9, 0xB0, 0xFB, 0xFC, 0x01, 0x02
	.byte 0xFC, 0x03, 0x03, 0xCA, 0xD5, 0xE6, 0xD9, 0x00, 0xD7, 0xDC, 0xD9, 0x00
	.byte 0xC5, 0xC9, 0xC1, 0xBB, 0x00, 0xD5, 0xD6, 0xD6, 0xDD, 0xD5, 0x00, 0xE3
	.byte 0xE8, 0xE8, 0xDD, 0xE1, 0xD9, 0xFE, 0xD7, 0xE3, 0xE2, 0xE3, 0xE7, 0xD7
	.byte 0xD9, 0xE2, 0xEE, 0xD9, 0x00, 0xD8, 0xDD, 0x00, 0xE1, 0xD9, 0xD8, 0xDD
	.byte 0xD7, 0xDD, 0xE2, 0xD5, 0xAD, 0xFB, 0xCD, 0xE4, 0xD9, 0xE7, 0xE7, 0xE3
	.byte 0x00, 0xE4, 0xE6, 0xD9, 0xE4, 0xD5, 0xE6, 0xD5, 0x00, 0xD5, 0xD8, 0xD8
	.byte 0xDD, 0xE6, 0xDD, 0xE8, 0xE8, 0xE9, 0xE6, 0xD5, 0x00, 0xD8, 0xD9, 0xDD
	.byte 0xFE, 0xE1, 0xD9, 0xD8, 0xDD, 0xD7, 0xD5, 0xE1, 0xD9, 0xE2, 0xE8, 0xDD
	.byte 0x00, 0xE4, 0xD9, 0xE6, 0x00, 0xD7, 0xE9, 0xE6, 0xD5, 0xE6, 0xD9, 0x00
	.byte 0xDD, 0x00, 0xCA, 0xC9, 0xC5, 0x1B, 0xC7, 0xC9, 0xC8, 0xAD, 0xFF
gFameCheckerFlavorText_Koga5::
	.byte 0xFC, 0x01, 0x08, 0xFC, 0x03, 0x09, 0xBD, 0xDC, 0xD9, 0x00, 0xD7, 0xE3
	.byte 0xE7, 0xD5, 0x00, 0xDA, 0xD5, 0xAC, 0xFB, 0xFC, 0x06, 0x04, 0xFC, 0x01
	.byte 0x02, 0xFC, 0x03, 0x03, 0xD0, 0xDD, 0xE7, 0xE8, 0xE3, 0x00, 0xE5, 0xE9
	.byte 0xD5, 0xE2, 0xE8, 0xE3, 0x00, 0x1A, 0x00, 0xDB, 0xE6, 0xD5, 0xE2, 0xD8
	.byte 0xD9, 0x00, 0xE0, 0xD5, 0x00, 0xD4, 0xC9, 0xC8, 0xBB, 0xFE, 0xCD, 0xBB
	.byte 0xC0, 0xBB, 0xCC, 0xC3, 0xAC, 0xFB, 0xC9, 0xDB, 0xE2, 0xDD, 0x00, 0xE8
	.byte 0xD5, 0xE2, 0xE8, 0xE3, 0x00, 0xE4, 0xD5, 0xE7, 0xE7, 0xD5, 0x00, 0xD8
	.byte 0xDD, 0x00, 0xE5, 0xE9, 0xDD, 0x00, 0xC5, 0xC9, 0xC1, 0xBB, 0xB8, 0xFE
	.byte 0xBD, 0xBB, 0xCA, 0xC9, 0xCA, 0xBB, 0xC6, 0xBF, 0xCD, 0xCE, 0xCC, 0xBB
	.byte 0x00, 0xD8, 0xDD, 0x00, 0xC0, 0xCF, 0xBD, 0xCD, 0xC3, 0xBB, 0xCA, 0xC9
	.byte 0xC6, 0xC3, 0xAD, 0xFB, 0xC1, 0xE6, 0xD5, 0xEE, 0xDD, 0xD9, 0x00, 0xD5
	.byte 0x00, 0xE0, 0xE9, 0xDD, 0xB8, 0x00, 0xE8, 0xE9, 0xE8, 0xE8, 0xDD, 0x00
	.byte 0xE4, 0xE3, 0xE7, 0xE7, 0xE3, 0xE2, 0xE3, 0x00, 0xDB, 0xDD, 0xE3, 0xD7
	.byte 0xD5, 0xE6, 0xD9, 0xFE, 0xE7, 0xD9, 0xE2, 0xEE, 0xD5, 0x00, 0xD7, 0xE3
	.byte 0xE6, 0xE6, 0xD9, 0xE6, 0xD9, 0x00, 0xE2, 0xD9, 0xE7, 0xE7, 0xE9, 0xE2
	.byte 0x00, 0xE4, 0xD9, 0xE6, 0xDD, 0xD7, 0xE3, 0xE0, 0xE3, 0xAD, 0xFF
gFameCheckerFlavorText_Sabrina0::
	.byte 0xFC, 0x01, 0x08, 0xFC, 0x03, 0x09, 0xBD, 0xDC, 0xD9, 0x00, 0xD7, 0xE3
	.byte 0xE7, 0xD5, 0x00, 0xDA, 0xD5, 0xAC, 0xFB, 0xFC, 0x01, 0x02, 0xFC, 0x03
	.byte 0x03, 0xBD, 0xBB, 0xCA, 0xC9, 0xCA, 0xBB, 0xC6, 0xBF, 0xCD, 0xCE, 0xCC
	.byte 0xBB, 0x00, 0xD8, 0xDD, 0x00, 0xD4, 0xBB, 0xC0, 0xC0, 0xBF, 0xCC, 0xBB
	.byte 0xC8, 0xC9, 0xCA, 0xC9, 0xC6, 0xC3, 0xF0, 0xFE, 0xCD, 0xBB, 0xBC, 0xCC
	.byte 0xC3, 0xC8, 0xBB, 0xFA, 0xCC, 0xD9, 0xDB, 0xDD, 0xE2, 0xD5, 0x00, 0xD8
	.byte 0xD9, 0xDD, 0x00, 0xCA, 0xC9, 0xC5, 0x1B, 0xC7, 0xC9, 0xC8, 0x00, 0xD8
	.byte 0xDD, 0x00, 0xE8, 0xDD, 0xE4, 0xE3, 0x00, 0xCA, 0xCD, 0xC3, 0xBD, 0xC9
	.byte 0xAB, 0xFF
gFameCheckerFlavorText_Sabrina1::
	.byte 0xFC, 0x01, 0x08, 0xFC, 0x03, 0x09, 0xCA, 0xC9, 0xC5, 0x1B, 0xC7, 0xC9
	.byte 0xC8, 0x00, 0xE4, 0xE6, 0xD9, 0xDA, 0xD9, 0xE6, 0xDD, 0xE8, 0xDD, 0xAC
	.byte 0xFB, 0xFC, 0x06, 0x04, 0xFC, 0x01, 0x02, 0xFC, 0x03, 0x03, 0xBD, 0xE3
	.byte 0xE2, 0xE3, 0xE7, 0xD7, 0xDD, 0x00, 0xE0, 0xD5, 0x00, 0xE6, 0xD5, 0xDB
	.byte 0xD5, 0xEE, 0xEE, 0xD5, 0x00, 0xD7, 0xDC, 0xD9, 0x00, 0x1A, 0xFE, 0xBD
	.byte 0xBB, 0xCA, 0xC9, 0xCA, 0xBB, 0xC6, 0xBF, 0xCD, 0xCE, 0xCC, 0xBB, 0x00
	.byte 0xD5, 0x00, 0xD4, 0xBB, 0xC0, 0xC0, 0xBF, 0xCC, 0xBB, 0xC8, 0xC9, 0xCA
	.byte 0xC9, 0xC6, 0xC3, 0xAC, 0xFB, 0xCF, 0xE7, 0xD5, 0x00, 0xCA, 0xC9, 0xC5
	.byte 0x1B, 0xC7, 0xC9, 0xC8, 0x00, 0xD8, 0xDD, 0x00, 0xE8, 0xDD, 0xE4, 0xE3
	.byte 0x00, 0xCA, 0xCD, 0xC3, 0xBD, 0xC9, 0xB8, 0x00, 0xEA, 0xD9, 0xE6, 0xE3
	.byte 0xAC, 0xFF
gFameCheckerFlavorText_Sabrina2::
	.byte 0xFC, 0x01, 0x08, 0xFC, 0x03, 0x09, 0xBD, 0xDC, 0xD9, 0x00, 0xE8, 0xDD
	.byte 0xE4, 0xE3, 0x00, 0x1A, 0xAC, 0xFB, 0xFC, 0x06, 0x05, 0xFC, 0x01, 0x02
	.byte 0xFC, 0x03, 0x03, 0xC1, 0xDD, 0x16, 0x00, 0xD8, 0xD5, 0x00, 0xD6, 0xD5
	.byte 0xE1, 0xD6, 0xDD, 0xE2, 0xD5, 0x00, 0xD5, 0xEA, 0xD9, 0xEA, 0xE3, 0x00
	.byte 0xE4, 0xE3, 0xE8, 0xD9, 0xE6, 0xDD, 0xFE, 0xE4, 0xD5, 0xE6, 0xD5, 0xE2
	.byte 0xE3, 0xE6, 0xE1, 0xD5, 0xE0, 0xDD, 0xAB, 0xFB, 0xCE, 0xE9, 0xE8, 0xE8
	.byte 0xE3, 0x00, 0x1A, 0x00, 0xDD, 0xE2, 0xDD, 0xEE, 0xDD, 0xD5, 0xE8, 0xE3
	.byte 0x00, 0xE5, 0xE9, 0xD5, 0xE2, 0xD8, 0xE3, 0x00, 0xDC, 0xE3, 0x00, 0xDD
	.byte 0xE1, 0xE4, 0xD5, 0xE6, 0xD5, 0xE8, 0xE3, 0xFE, 0xD5, 0x00, 0xE4, 0xDD
	.byte 0xD9, 0xDB, 0xD5, 0xE6, 0xD9, 0x00, 0xDD, 0x00, 0xD7, 0xE9, 0xD7, 0xD7
	.byte 0xDC, 0xDD, 0xD5, 0xDD, 0x00, 0xD7, 0xE3, 0xE0, 0x00, 0xE4, 0xD9, 0xE2
	.byte 0xE7, 0xDD, 0xD9, 0xE6, 0xE3, 0xAD, 0xFF
gFameCheckerFlavorText_Sabrina3::
	.byte 0xFC, 0x01, 0x08, 0xFC, 0x03, 0x09, 0xBD, 0xDC, 0xD9, 0x00, 0xE8, 0xDD
	.byte 0xE4, 0xE3, 0x00, 0x1A, 0xAC, 0xFB, 0xFC, 0x06, 0x05, 0xFC, 0x01, 0x02
	.byte 0xFC, 0x03, 0x03, 0xC9, 0xD8, 0xDD, 0xE3, 0x00, 0xE0, 0xE3, 0xE8, 0xE8
	.byte 0xD5, 0xE6, 0xD9, 0x00, 0xE1, 0xD5, 0x00, 0xE7, 0xD9, 0x00, 0xEA, 0xE9
	.byte 0xE3, 0xDD, 0x00, 0xE8, 0xDD, 0x00, 0xE1, 0xE3, 0xE7, 0xE8, 0xE6, 0xD9
	.byte 0xE6, 0x22, 0xFE, 0xDD, 0x00, 0xE1, 0xDD, 0xD9, 0xDD, 0x00, 0xE4, 0xE3
	.byte 0xE8, 0xD9, 0xE6, 0xDD, 0xAB, 0xFF
gFameCheckerFlavorText_Sabrina4::
	.byte 0xFC, 0x01, 0x08, 0xFC, 0x03, 0x09, 0xC6, 0xE3, 0x00, 0xE7, 0xD5, 0xE4
	.byte 0xD9, 0xEA, 0xDD, 0x00, 0xD7, 0xDC, 0xD9, 0xB0, 0xFB, 0xFC, 0x01, 0x02
	.byte 0xFC, 0x03, 0x03, 0xCA, 0xD5, 0xE6, 0xD9, 0x00, 0xD7, 0xDC, 0xD9, 0x00
	.byte 0xCD, 0xBB, 0xBC, 0xCC, 0xC3, 0xC8, 0xBB, 0xB8, 0x00, 0xD8, 0xE9, 0xE6
	.byte 0xD5, 0xE2, 0xE8, 0xD9, 0x00, 0xE0, 0xD5, 0xFE, 0xE0, 0xE3, 0xE8, 0xE8
	.byte 0xD5, 0xB8, 0x00, 0xE4, 0xE3, 0xE7, 0xE7, 0xD5, 0x00, 0xD7, 0xE3, 0xE1
	.byte 0xE9, 0xE2, 0xDD, 0xD7, 0xD5, 0xE6, 0xD9, 0x00, 0xD7, 0xE3, 0xE2, 0xFA
	.byte 0xDD, 0x00, 0xE7, 0xE9, 0xE3, 0xDD, 0x00, 0xCA, 0xC9, 0xC5, 0x1B, 0xC7
	.byte 0xC9, 0xC8, 0x00, 0xE7, 0xD9, 0xE2, 0xEE, 0xD5, 0x00, 0xE4, 0xD5, 0xE6
	.byte 0xE0, 0xD5, 0xE6, 0xD9, 0xAD, 0xFF
gFameCheckerFlavorText_Sabrina5::
	.byte 0xFC, 0x01, 0x08, 0xFC, 0x03, 0x09, 0xBD, 0xDC, 0xD9, 0x00, 0xE8, 0xDD
	.byte 0xE4, 0xE3, 0x00, 0x1A, 0xAC, 0xFB, 0xFC, 0x06, 0x04, 0xFC, 0x01, 0x02
	.byte 0xFC, 0x03, 0x03, 0xCD, 0xBB, 0xBC, 0xCC, 0xC3, 0xC8, 0xBB, 0x00, 0xDC
	.byte 0xD5, 0x00, 0xD6, 0xD5, 0xE8, 0xE8, 0xE9, 0xE8, 0xE3, 0x00, 0xDD, 0xE0
	.byte 0x00, 0xC7, 0xBB, 0xBF, 0xCD, 0xCE, 0xCC, 0xC9, 0x00, 0xD8, 0xDD, 0xFE
	.byte 0xC5, 0xBB, 0xCC, 0xBB, 0xCE, 0xBF, 0x00, 0xE5, 0xE9, 0xDD, 0x00, 0xD5
	.byte 0xD7, 0xD7, 0xD5, 0xE2, 0xE8, 0xE3, 0xAB, 0xFF
gFameCheckerFlavorText_Blaine0::
	.byte 0xFC, 0x01, 0x08, 0xFC, 0x03, 0x09, 0xBD, 0xDC, 0xD9, 0x00, 0xD7, 0xE3
	.byte 0xE7, 0xD5, 0x00, 0xDA, 0xD5, 0xAC, 0xFB, 0xFC, 0x01, 0x02, 0xFC, 0x03
	.byte 0x03, 0xBD, 0xBB, 0xCA, 0xC9, 0xCA, 0xBB, 0xC6, 0xBF, 0xCD, 0xCE, 0xCC
	.byte 0xBB, 0x00, 0xD8, 0xD9, 0xE0, 0xE0, 0xB4, 0xC3, 0xCD, 0xC9, 0xC6, 0xBB
	.byte 0x00, 0xBD, 0xBB, 0xC8, 0xC8, 0xBF, 0xC6, 0xC6, 0xBB, 0xF0, 0xFE, 0xBC
	.byte 0xC6, 0xBB, 0xC3, 0xC8, 0xBF, 0xFA, 0xC3, 0xE0, 0x00, 0xD7, 0xD9, 0xE6
	.byte 0xEA, 0xD9, 0xE0, 0xE0, 0xE3, 0xE8, 0xDD, 0xD7, 0xE3, 0x00, 0xE1, 0xD5
	.byte 0xD9, 0xE7, 0xE8, 0xE6, 0xE3, 0x00, 0xD8, 0xDD, 0x00, 0xE5, 0xE9, 0xDD
	.byte 0xEE, 0xAB, 0xFF
gFameCheckerFlavorText_Blaine1::
	.byte 0xFC, 0x01, 0x08, 0xFC, 0x03, 0x09, 0xCA, 0xC9, 0xC5, 0x1B, 0xC7, 0xC9
	.byte 0xC8, 0x00, 0xE4, 0xE6, 0xD9, 0xDA, 0xD9, 0xE6, 0xDD, 0xE8, 0xDD, 0xAC
	.byte 0xFB, 0xFC, 0x06, 0x04, 0xFC, 0x01, 0x02, 0xFC, 0x03, 0x03, 0xC3, 0x00
	.byte 0xE1, 0xDD, 0xD9, 0xDD, 0x00, 0xCA, 0xC9, 0xC5, 0x1B, 0xC7, 0xC9, 0xC8
	.byte 0x00, 0xDD, 0xE2, 0xD7, 0xD9, 0xE2, 0xD9, 0xE6, 0xDD, 0xE6, 0xD5, 0xE2
	.byte 0xE2, 0xE3, 0x00, 0xE3, 0xDB, 0xE2, 0xDD, 0xFE, 0xE7, 0xDA, 0xDD, 0xD8
	.byte 0xD5, 0xE2, 0xE8, 0xD9, 0xAB, 0xFF
gFameCheckerFlavorText_Blaine2::
	.byte 0xFC, 0x01, 0x08, 0xFC, 0x03, 0x09, 0xCA, 0xC9, 0xC5, 0x1B, 0xC7, 0xC9
	.byte 0xC8, 0x00, 0xE4, 0xE6, 0xD9, 0xDA, 0xD9, 0xE6, 0xDD, 0xE8, 0xDD, 0xAC
	.byte 0xFB, 0xFC, 0x06, 0x04, 0xFC, 0x01, 0x02, 0xFC, 0x03, 0x03, 0xBC, 0xC6
	.byte 0xBB, 0xC3, 0xC8, 0xBF, 0x00, 0xE7, 0xDD, 0x00, 0xD9, 0xE6, 0xD5, 0x00
	.byte 0xE4, 0xD9, 0xE6, 0xE7, 0xE3, 0x00, 0xDD, 0xE2, 0x00, 0xE1, 0xE3, 0xE2
	.byte 0xE8, 0xD5, 0xDB, 0xE2, 0xD5, 0xFE, 0xE5, 0xE9, 0xD5, 0xE2, 0xD8, 0xE3
	.byte 0x00, 0xD5, 0xE4, 0xE4, 0xD5, 0xE6, 0xEA, 0xD9, 0x00, 0xE9, 0xE2, 0xE3
	.byte 0x00, 0xE7, 0xE4, 0xD5, 0xEA, 0xD9, 0xE2, 0xE8, 0xE3, 0xE7, 0xE3, 0xFA
	.byte 0xCA, 0xC9, 0xC5, 0x1B, 0xC7, 0xC9, 0xC8, 0x00, 0xE9, 0xD7, 0xD7, 0xD9
	.byte 0xE0, 0xE0, 0xE3, 0xAB, 0xFB, 0xC1, 0xE6, 0xD5, 0xEE, 0xDD, 0xD9, 0x00
	.byte 0xD5, 0xE0, 0xE0, 0xD5, 0x00, 0xE7, 0xE9, 0xD5, 0x00, 0xE0, 0xE9, 0xD7
	.byte 0xD9, 0xB8, 0x00, 0xBC, 0xC6, 0xBB, 0xC3, 0xC8, 0xBF, 0x00, 0xE4, 0xE3
	.byte 0xE8, 0x1B, 0xFE, 0xE6, 0xDD, 0xE8, 0xE6, 0xE3, 0xEA, 0xD5, 0xE6, 0xD9
	.byte 0x00, 0xE0, 0xD5, 0x00, 0xEA, 0xDD, 0xD5, 0xAD, 0xFF
gFameCheckerFlavorText_Blaine3::
	.byte 0xFC, 0x01, 0x08, 0xFC, 0x03, 0x09, 0xBD, 0xDC, 0xD9, 0x00, 0xE8, 0xDD
	.byte 0xE4, 0xE3, 0x00, 0x1A, 0xAC, 0xFB, 0xFC, 0x06, 0x05, 0xFC, 0x01, 0x02
	.byte 0xFC, 0x03, 0x03, 0xBC, 0xC6, 0xBB, 0xC3, 0xC8, 0xBF, 0x00, 0xD8, 0xD9
	.byte 0xE0, 0xE0, 0xD5, 0x00, 0xCA, 0xBB, 0xC6, 0xBF, 0xCD, 0xCE, 0xCC, 0xBB
	.byte 0x00, 0xD8, 0xD9, 0xE0, 0xE0, 0xB4, 0xC3, 0xCD, 0xC9, 0xC6, 0xBB, 0xFE
	.byte 0xBD, 0xBB, 0xC8, 0xC8, 0xBF, 0xC6, 0xC6, 0xBB, 0x00, 0x1A, 0x00, 0xE9
	.byte 0xE2, 0x00, 0xE9, 0xE3, 0xE1, 0xE3, 0x00, 0xE7, 0xE8, 0xE6, 0xD5, 0xE2
	.byte 0xE3, 0x00, 0xD7, 0xDC, 0xD9, 0xFA, 0xEA, 0xDD, 0xEA, 0xD9, 0x00, 0xE5
	.byte 0xE9, 0xDD, 0x00, 0xD8, 0xD5, 0x00, 0xD8, 0xD9, 0xD7, 0xD9, 0xE2, 0xE2
	.byte 0xDD, 0xAD, 0xFF
gFameCheckerFlavorText_Blaine4::
	.byte 0xFC, 0x01, 0x08, 0xFC, 0x03, 0x09, 0xC0, 0xD5, 0xE1, 0xDD, 0xDB, 0xE0
	.byte 0xDD, 0xD5, 0x00, 0xD9, 0x00, 0xD5, 0xE1, 0xDD, 0xD7, 0xDD, 0xAC, 0xFB
	.byte 0xFC, 0x01, 0x02, 0xFC, 0x03, 0x03, 0x05, 0x00, 0xE9, 0xE2, 0xD5, 0x00
	.byte 0xDA, 0xE3, 0xE8, 0xE3, 0x00, 0xD8, 0xDD, 0x00, 0xBC, 0xC6, 0xBB, 0xC3
	.byte 0xC8, 0xBF, 0x00, 0xD9, 0x00, 0xC7, 0xCC, 0xAD, 0x00, 0xC0, 0xCF, 0xC4
	.byte 0xC3, 0xAB, 0xFB, 0xCD, 0xE3, 0xE6, 0xE6, 0xDD, 0xD8, 0xE3, 0xE2, 0xE3
	.byte 0xB8, 0x00, 0xD5, 0xDA, 0xDA, 0xDD, 0xD5, 0xE2, 0xD7, 0xD5, 0xE8, 0xDD
	.byte 0xAD, 0xFF
gFameCheckerFlavorText_Blaine5::
	.byte 0xFC, 0x01, 0x08, 0xFC, 0x03, 0x09, 0xC6, 0xE3, 0x00, 0xE7, 0xD5, 0xE4
	.byte 0xD9, 0xEA, 0xDD, 0x00, 0xD7, 0xDC, 0xD9, 0xB0, 0xFB, 0xFC, 0x01, 0x02
	.byte 0xFC, 0x03, 0x03, 0xCA, 0xD5, 0xE6, 0xD9, 0x00, 0xD7, 0xDC, 0xD9, 0x00
	.byte 0xBC, 0xC6, 0xBB, 0xC3, 0xC8, 0xBF, 0x00, 0xE7, 0xDD, 0x00, 0xE0, 0xDD
	.byte 0xD6, 0xD9, 0xE6, 0xDD, 0x00, 0xD8, 0xD9, 0xE0, 0xE0, 0xD5, 0xFE, 0xE7
	.byte 0xE9, 0xD5, 0x00, 0xD5, 0xE6, 0xDD, 0xD5, 0x00, 0xD7, 0xE9, 0xE4, 0xD5
	.byte 0x00, 0xE7, 0xE3, 0xE0, 0xE8, 0xD5, 0xE2, 0xE8, 0xE3, 0x00, 0xE5, 0xE9
	.byte 0xD5, 0xE2, 0xD8, 0xE3, 0xFA, 0xE4, 0xD9, 0xE2, 0xE7, 0xD5, 0x00, 0xD5
	.byte 0x00, 0xE2, 0xE9, 0xE3, 0xEA, 0xD9, 0x00, 0xD8, 0xE3, 0xE1, 0xD5, 0xE2
	.byte 0xD8, 0xD9, 0x00, 0xE4, 0xD9, 0xE6, 0x00, 0xDD, 0xE0, 0x00, 0xE5, 0xE9
	.byte 0xDD, 0xEE, 0xAD, 0xFF
gFameCheckerFlavorText_Lorelei0::
	.byte 0xFC, 0x01, 0x08, 0xFC, 0x03, 0x09, 0xBD, 0xDC, 0xD9, 0x00, 0xD7, 0xE3
	.byte 0xE7, 0xD5, 0x00, 0xDA, 0xD5, 0xAC, 0xFB, 0xFC, 0x06, 0x05, 0xFC, 0x01
	.byte 0x02, 0xFC, 0x03, 0x03, 0xCD, 0xE3, 0xE2, 0xE3, 0x00, 0xC6, 0xC9, 0xCC
	.byte 0xBF, 0xC6, 0xBF, 0xC3, 0x00, 0xD8, 0xD9, 0xDD, 0x00, 0xCD, 0xCF, 0xCA
	.byte 0xBF, 0xCC, 0xCB, 0xCF, 0xBB, 0xCE, 0xCE, 0xCC, 0xC9, 0xAB, 0xFF
gFameCheckerFlavorText_Lorelei1::
	.byte 0xFC, 0x01, 0x08, 0xFC, 0x03, 0x09, 0xCA, 0xC9, 0xC5, 0x1B, 0xC7, 0xC9
	.byte 0xC8, 0x00, 0xE4, 0xE6, 0xD9, 0xDA, 0xD9, 0xE6, 0xDD, 0xE8, 0xDD, 0xAC
	.byte 0xFB, 0xFC, 0x06, 0x05, 0xFC, 0x01, 0x02, 0xFC, 0x03, 0x03, 0xC8, 0xD9
	.byte 0xE7, 0xE7, 0xE9, 0xE2, 0xE3, 0x00, 0xD7, 0xE3, 0xE2, 0xE3, 0xE7, 0xD7
	.byte 0xD9, 0x00, 0xDD, 0x00, 0xCA, 0xC9, 0xC5, 0x1B, 0xC7, 0xC9, 0xC8, 0x00
	.byte 0xD8, 0xDD, 0x00, 0xE8, 0xDD, 0xE4, 0xE3, 0xFE, 0xC1, 0xC2, 0xC3, 0xBB
	.byte 0xBD, 0xBD, 0xC3, 0xC9, 0x00, 0xD7, 0xE3, 0xE1, 0xD9, 0x00, 0xE1, 0xD9
	.byte 0xAB, 0xFF
gFameCheckerFlavorText_Lorelei2::
	.byte 0xFC, 0x01, 0x08, 0xFC, 0x03, 0x09, 0xBE, 0xD5, 0x00, 0xD8, 0xE3, 0xEA
	.byte 0xD9, 0x00, 0xE4, 0xE6, 0xE3, 0xEA, 0xDD, 0xD9, 0xE2, 0xD9, 0xAC, 0xFB
	.byte 0xFC, 0x06, 0x04, 0xFC, 0x01, 0x02, 0xFC, 0x03, 0x03, 0xCD, 0xE9, 0x00
	.byte 0xE5, 0xE9, 0xD9, 0xE7, 0xE8, 0xB4, 0xDD, 0xE7, 0xE3, 0xE0, 0xD5, 0x00
	.byte 0x1A, 0x00, 0xE2, 0xD5, 0xE8, 0xD5, 0x00, 0xD9, 0x00, 0xD7, 0xE6, 0xD9
	.byte 0xE7, 0xD7, 0xDD, 0xE9, 0xE8, 0xD5, 0xFE, 0xE9, 0xE2, 0xD5, 0x00, 0xE6
	.byte 0xD5, 0xDB, 0xD5, 0xEE, 0xEE, 0xD5, 0x00, 0xD7, 0xDC, 0xD9, 0x00, 0x1A
	.byte 0x00, 0xD8, 0xDD, 0xEA, 0xD9, 0xE2, 0xE8, 0xD5, 0xE8, 0xD5, 0x00, 0xE9
	.byte 0xE2, 0xFA, 0xDB, 0xE6, 0xD5, 0xE2, 0xD8, 0xD9, 0x00, 0xBB, 0xC6, 0xC6
	.byte 0xBF, 0xC8, 0xBB, 0xCE, 0xC9, 0xCC, 0xBF, 0xAD, 0xFB, 0x05, 0x00, 0xC6
	.byte 0xC9, 0xCC, 0xBF, 0xC6, 0xBF, 0xC3, 0x00, 0xD8, 0xD9, 0xDD, 0x00, 0xCD
	.byte 0xCF, 0xCA, 0xBF, 0xCC, 0xCB, 0xCF, 0xBB, 0xCE, 0xCE, 0xCC, 0xC9, 0xAD
	.byte 0xFF
gFameCheckerFlavorText_Lorelei3::
	.byte 0xFC, 0x01, 0x08, 0xFC, 0x03, 0x09, 0xBD, 0xDC, 0xD9, 0x00, 0xE8, 0xDD
	.byte 0xE4, 0xE3, 0x00, 0x1A, 0xAC, 0xFB, 0xFC, 0x01, 0x02, 0xFC, 0x03, 0x03
	.byte 0xC0, 0xD5, 0xE1, 0xE3, 0xE7, 0xD5, 0x00, 0xE4, 0xD9, 0xE6, 0x00, 0xE0
	.byte 0xD5, 0x00, 0xDA, 0xE6, 0xD9, 0xD8, 0xD8, 0xD9, 0xEE, 0xEE, 0xD5, 0x00
	.byte 0xD9, 0x00, 0xE0, 0xD5, 0xFE, 0xE4, 0xD9, 0xE6, 0xDA, 0xD9, 0xEE, 0xDD
	.byte 0xE3, 0xE2, 0xD9, 0x00, 0xD8, 0xD9, 0xE0, 0x00, 0xE7, 0xE9, 0xE3, 0x00
	.byte 0xE7, 0xE8, 0xDD, 0xE0, 0xD9, 0x00, 0xD8, 0xDD, 0x00, 0xE0, 0xE3, 0xE8
	.byte 0xE8, 0xD5, 0xB8, 0xFA, 0xC6, 0xC9, 0xCC, 0xBF, 0xC6, 0xBF, 0xC3, 0x00
	.byte 0xDC, 0xD5, 0x00, 0xDD, 0xE2, 0x00, 0xE7, 0xD9, 0xE6, 0xD6, 0xE3, 0x00
	.byte 0xE9, 0xE2, 0xD5, 0x00, 0xE7, 0xE3, 0xE6, 0xE4, 0xE6, 0xD9, 0xE7, 0xD5
	.byte 0xAB, 0xFF
gFameCheckerFlavorText_Lorelei4::
	.byte 0xFC, 0x01, 0x08, 0xFC, 0x03, 0x09, 0xBD, 0xDC, 0xD9, 0x00, 0xE8, 0xDD
	.byte 0xE4, 0xE3, 0x00, 0x1A, 0xAC, 0xFB, 0xFC, 0x06, 0x05, 0xFC, 0x01, 0x02
	.byte 0xFC, 0x03, 0x03, 0xBB, 0x00, 0xE4, 0xE6, 0xE3, 0xE4, 0xE3, 0xE7, 0xDD
	.byte 0xE8, 0xE3, 0x00, 0xD8, 0xDD, 0x00, 0xC6, 0xC9, 0xCC, 0xBF, 0xC6, 0xBF
	.byte 0xC3, 0xF0, 0x00, 0xE7, 0xD5, 0xE4, 0xD9, 0xEA, 0xDD, 0x00, 0xD7, 0xDC
	.byte 0xD9, 0xFE, 0xDC, 0xD5, 0x00, 0xD7, 0xD9, 0xE2, 0xE8, 0xDD, 0xE2, 0xD5
	.byte 0xDD, 0xD5, 0x00, 0xD8, 0xDD, 0x00, 0xD6, 0xD5, 0xE1, 0xD6, 0xE3, 0xE0
	.byte 0xD9, 0x00, 0xD8, 0xDD, 0x00, 0xE4, 0xD9, 0xEE, 0xEE, 0xD5, 0xAC, 0xFB
	.byte 0xC9, 0xDB, 0xE2, 0xDD, 0x00, 0xEA, 0xE3, 0xE0, 0xE8, 0xD5, 0x00, 0xD7
	.byte 0xDC, 0xD9, 0x00, 0xE8, 0xE3, 0xE6, 0xE2, 0xD5, 0x00, 0xD5, 0x00, 0xCB
	.byte 0xCF, 0xBB, 0xCC, 0xCE, 0xC3, 0xCD, 0xC9, 0xC6, 0xBB, 0xB8, 0xFE, 0xD5
	.byte 0xDB, 0xDB, 0xDD, 0xE9, 0xE2, 0xDB, 0xD9, 0x00, 0xE5, 0xE9, 0xD5, 0xE0
	.byte 0xD7, 0xDC, 0xD9, 0x00, 0xD6, 0xD5, 0xE1, 0xD6, 0xE3, 0xE0, 0xD5, 0x00
	.byte 0xD5, 0xE0, 0xE0, 0xD5, 0xFA, 0xD7, 0xE3, 0xE0, 0xE0, 0xD9, 0xEE, 0xDD
	.byte 0xE3, 0xE2, 0xD9, 0xAB, 0xFF
gFameCheckerFlavorText_Lorelei5::
	.byte 0xFC, 0x01, 0x08, 0xFC, 0x03, 0x09, 0xCA, 0xC9, 0xC5, 0x1B, 0xC7, 0xC9
	.byte 0xC8, 0x00, 0xE4, 0xE6, 0xD9, 0xDA, 0xD9, 0xE6, 0xDD, 0xE8, 0xDD, 0xAC
	.byte 0xFB, 0xFC, 0x06, 0x05, 0xFC, 0x01, 0x02, 0xFC, 0x03, 0x03, 0xC3, 0xE0
	.byte 0x00, 0xE7, 0xE9, 0xE3, 0x00, 0xC6, 0xBB, 0xCA, 0xCC, 0xBB, 0xCD, 0xB8
	.byte 0x00, 0xD7, 0xE6, 0xD9, 0xD8, 0xE3, 0x00, 0xD7, 0xDC, 0xD9, 0x00, 0xE7
	.byte 0xDD, 0xD5, 0x00, 0xE0, 0xE3, 0xFE, 0xE7, 0xE8, 0xD9, 0xE7, 0xE7, 0xE3
	.byte 0x00, 0xD7, 0xDC, 0xD9, 0x00, 0xDC, 0xD5, 0x00, 0xD8, 0xD5, 0x00, 0xE5
	.byte 0xE9, 0xD5, 0xE2, 0xD8, 0xE3, 0x00, 0xD9, 0xE6, 0xD5, 0xFA, 0xD6, 0xD5
	.byte 0xE1, 0xD6, 0xDD, 0xE2, 0xD5, 0xAD, 0xFB, 0xBD, 0xE6, 0xD9, 0xD8, 0xE3
	.byte 0x00, 0xD7, 0xDC, 0xD9, 0x00, 0xE0, 0xB4, 0xD5, 0xD6, 0xD6, 0xDD, 0xD5
	.byte 0x00, 0xD7, 0xD5, 0xE8, 0xE8, 0xE9, 0xE6, 0xD5, 0xE8, 0xE3, 0x00, 0xE2
	.byte 0xD9, 0xE0, 0xE0, 0xD5, 0xFE, 0xC1, 0xCC, 0xC9, 0xCE, 0xCE, 0xBB, 0x00
	.byte 0xC1, 0xBF, 0xC6, 0xBB, 0xCE, 0xBB, 0xAD, 0xFF
gFameCheckerFlavorText_Bruno0::
	.byte 0xFC, 0x01, 0x08, 0xFC, 0x03, 0x09, 0xBD, 0xDC, 0xD9, 0x00, 0xD7, 0xE3
	.byte 0xE7, 0xD5, 0x00, 0xDA, 0xD5, 0xAC, 0xFB, 0xFC, 0x06, 0x04, 0xFC, 0x01
	.byte 0x02, 0xFC, 0x03, 0x03, 0xCD, 0xE3, 0xE2, 0xE3, 0x00, 0xBC, 0xCC, 0xCF
	.byte 0xC8, 0xC9, 0x00, 0xD8, 0xD9, 0xDD, 0x00, 0xCD, 0xCF, 0xCA, 0xBF, 0xCC
	.byte 0xCB, 0xCF, 0xBB, 0xCE, 0xCE, 0xCC, 0xC9, 0xAB, 0xFF
gFameCheckerFlavorText_Bruno1::
	.byte 0xFC, 0x01, 0x08, 0xFC, 0x03, 0x09, 0xCA, 0xC9, 0xC5, 0x1B, 0xC7, 0xC9
	.byte 0xC8, 0x00, 0xE4, 0xE6, 0xD9, 0xDA, 0xD9, 0xE6, 0xDD, 0xE8, 0xDD, 0xAC
	.byte 0xFB, 0xFC, 0x06, 0x04, 0xFC, 0x01, 0x02, 0xFC, 0x03, 0x03, 0xC8, 0xD9
	.byte 0xE0, 0xE0, 0xD5, 0x00, 0xE1, 0xDD, 0xD5, 0x00, 0xEA, 0xDD, 0xE8, 0xD5
	.byte 0xB8, 0x00, 0xDC, 0xE3, 0x00, 0xE7, 0xD9, 0xE1, 0xE4, 0xE6, 0xD9, 0x00
	.byte 0xD5, 0xE0, 0xE0, 0xD9, 0xE2, 0xD5, 0xE8, 0xE3, 0xFE, 0xCA, 0xC9, 0xC5
	.byte 0x1B, 0xC7, 0xC9, 0xC8, 0x00, 0xD8, 0xDD, 0x00, 0xE8, 0xDD, 0xE4, 0xE3
	.byte 0x00, 0xC6, 0xC9, 0xCE, 0xCE, 0xBB, 0xAB, 0xFF
gFameCheckerFlavorText_Bruno2::
	.byte 0xFC, 0x01, 0x08, 0xFC, 0x03, 0x09, 0xBD, 0xDC, 0xD9, 0x00, 0xE8, 0xDD
	.byte 0xE4, 0xE3, 0x00, 0x1A, 0xAC, 0xFB, 0xFC, 0x01, 0x02, 0xFC, 0x03, 0x03
	.byte 0xCA, 0xD5, 0xE6, 0xD9, 0x00, 0xD7, 0xDC, 0xD9, 0x00, 0xBC, 0xCC, 0xCF
	.byte 0xC8, 0xC9, 0x00, 0xE7, 0xDD, 0xD5, 0x00, 0xD9, 0xE2, 0xE8, 0xE6, 0xD5
	.byte 0xE8, 0xE3, 0x00, 0xE2, 0xD9, 0xDD, 0xFE, 0xCD, 0xCF, 0xCA, 0xBF, 0xCC
	.byte 0xCB, 0xCF, 0xBB, 0xCE, 0xCE, 0xCC, 0xC9, 0x00, 0xE4, 0xD9, 0xE6, 0x00
	.byte 0xE0, 0xB4, 0xD5, 0xE1, 0xD6, 0xDD, 0xEE, 0xDD, 0xE3, 0xE2, 0xD9, 0xFA
	.byte 0xD8, 0xDD, 0x00, 0xD6, 0xD5, 0xE8, 0xE8, 0xD9, 0xE6, 0xD9, 0x00, 0xDD
	.byte 0x00, 0xE1, 0xDD, 0xDB, 0xE0, 0xDD, 0xE3, 0xE6, 0xDD, 0x00, 0xBB, 0xC6
	.byte 0xC6, 0xBF, 0xC8, 0xBB, 0xCE, 0xC9, 0xCC, 0xC3, 0xAD, 0xFF
gFameCheckerFlavorText_Bruno3::
	.byte 0xFC, 0x01, 0x08, 0xFC, 0x03, 0x09, 0xBD, 0xDC, 0xD9, 0x00, 0xE8, 0xDD
	.byte 0xE4, 0xE3, 0x00, 0x1A, 0xAC, 0xFB, 0xFC, 0x06, 0x04, 0xFC, 0x01, 0x02
	.byte 0xFC, 0x03, 0x03, 0xBB, 0xE2, 0xD7, 0xDC, 0xD9, 0x00, 0xBC, 0xCC, 0xCF
	.byte 0xC8, 0xC9, 0x00, 0xEA, 0xDD, 0xD9, 0xE2, 0xD9, 0x00, 0xD5, 0xE0, 0xE0
	.byte 0xD9, 0x00, 0xCE, 0xBF, 0xCC, 0xC7, 0xBF, 0xFE, 0xD8, 0xDD, 0x00, 0xE8
	.byte 0xD5, 0xE2, 0xE8, 0xE3, 0x00, 0xDD, 0xE2, 0x00, 0xE8, 0xD5, 0xE2, 0xE8
	.byte 0xE3, 0xAD, 0xFB, 0xD0, 0xDD, 0xD9, 0xE2, 0xD9, 0x00, 0xE4, 0xD9, 0xE6
	.byte 0x00, 0xE6, 0xD9, 0xD7, 0xE9, 0xE4, 0xD9, 0xE6, 0xD5, 0xE6, 0xD9, 0x00
	.byte 0xE0, 0xD9, 0x00, 0xDA, 0xE3, 0xE6, 0xEE, 0xD9, 0x00, 0xD8, 0xE3, 0xE4
	.byte 0xE3, 0xFE, 0xE9, 0xE2, 0xD5, 0x00, 0xE0, 0xE3, 0xE8, 0xE8, 0xD5, 0x00
	.byte 0xD9, 0x00, 0xE6, 0xDD, 0xE1, 0xD9, 0xE8, 0xE8, 0xD9, 0xE6, 0xD9, 0x00
	.byte 0xDD, 0xE2, 0x00, 0xE7, 0xD9, 0xE7, 0xE8, 0xE3, 0x00, 0xDD, 0xFA, 0xE7
	.byte 0xE9, 0xE3, 0xDD, 0x00, 0xCA, 0xC9, 0xC5, 0x1B, 0xC7, 0xC9, 0xC8, 0xAD
	.byte 0xFF
gFameCheckerFlavorText_Bruno4::
	.byte 0xFC, 0x01, 0x08, 0xFC, 0x03, 0x09, 0xC6, 0xE3, 0x00, 0xE7, 0xD5, 0xE4
	.byte 0xD9, 0xEA, 0xDD, 0x00, 0xD7, 0xDC, 0xD9, 0xB0, 0xFB, 0xFC, 0x06, 0x05
	.byte 0xFC, 0x01, 0x02, 0xFC, 0x03, 0x03, 0xCA, 0xE3, 0xD7, 0xE3, 0x00, 0xDA
	.byte 0xD5, 0x00, 0x1A, 0x00, 0xE7, 0xE8, 0xD5, 0xE8, 0xE3, 0x00, 0xE5, 0xE9
	.byte 0xDD, 0x00, 0xD5, 0x00, 0xCD, 0xBF, 0xBD, 0xC9, 0xC8, 0xBE, 0xC3, 0xCD
	.byte 0xC9, 0xC6, 0xBB, 0xFE, 0xE9, 0xE2, 0x00, 0xDA, 0xD5, 0xE1, 0xE3, 0xE7
	.byte 0xE3, 0x00, 0xBB, 0xC6, 0xC6, 0xBF, 0xC8, 0xBB, 0xCE, 0xC9, 0xCC, 0xBF
	.byte 0xAD, 0xFB, 0xCD, 0xDD, 0x00, 0xD7, 0xDC, 0xDD, 0xD5, 0xE1, 0xD5, 0x00
	.byte 0xBC, 0xCC, 0xCF, 0xC8, 0xC9, 0xB8, 0x00, 0x1A, 0x00, 0xE9, 0xE2, 0xE3
	.byte 0x00, 0xD8, 0xD9, 0xDD, 0xFE, 0xCD, 0xCF, 0xCA, 0xBF, 0xCC, 0xCB, 0xCF
	.byte 0xBB, 0xCE, 0xCE, 0xCC, 0xC9, 0xAD, 0xFB, 0xCA, 0xE9, 0xE6, 0xE8, 0xE6
	.byte 0xE3, 0xE4, 0xE4, 0xE3, 0xB8, 0x00, 0xE4, 0xD9, 0xE6, 0x22, 0xB8, 0x00
	.byte 0xE8, 0xD9, 0xE1, 0xE3, 0x00, 0xD7, 0xDC, 0xD9, 0x00, 0xE7, 0xDD, 0xD5
	.byte 0xFE, 0xE6, 0xDD, 0xE1, 0xD5, 0xE7, 0xE8, 0xE3, 0x00, 0xE9, 0xE2, 0x00
	.byte 0xE4, 0xE3, 0xB4, 0x00, 0xD8, 0xD9, 0xE0, 0xE9, 0xE7, 0xE3, 0xB8, 0x00
	.byte 0xE4, 0xD9, 0xE6, 0xD7, 0xDC, 0x1B, 0xFA, 0xE2, 0xE3, 0xE2, 0x00, 0xDC
	.byte 0xD5, 0x00, 0xE8, 0xE6, 0xE3, 0xEA, 0xD5, 0xE8, 0xE3, 0x00, 0xD7, 0xDD
	.byte 0x22, 0x00, 0xD7, 0xDC, 0xD9, 0x00, 0xD7, 0xD9, 0xE6, 0xD7, 0xD5, 0xEA
	.byte 0xD5, 0xAD, 0xFF
gFameCheckerFlavorText_Bruno5::
	.byte 0xFC, 0x01, 0x08, 0xFC, 0x03, 0x09, 0xC0, 0xD5, 0xE1, 0xDD, 0xDB, 0xE0
	.byte 0xDD, 0xD5, 0x00, 0xD9, 0x00, 0xD5, 0xE1, 0xDD, 0xD7, 0xDD, 0xAC, 0xFB
	.byte 0xFC, 0x06, 0x04, 0xFC, 0x01, 0x02, 0xFC, 0x03, 0x03, 0xBC, 0xCC, 0xCF
	.byte 0xC8, 0xC9, 0x00, 0xE7, 0xE8, 0xD9, 0xE7, 0xE7, 0xE3, 0x00, 0xE7, 0xDD
	.byte 0x00, 0x1A, 0x00, 0xD5, 0xE0, 0xE0, 0xD9, 0xE2, 0xD5, 0xE8, 0xE3, 0x00
	.byte 0xE4, 0xD9, 0xE6, 0xFE, 0xE4, 0xD5, 0xE6, 0xD9, 0xD7, 0xD7, 0xDC, 0xDD
	.byte 0xE3, 0x00, 0xE8, 0xD9, 0xE1, 0xE4, 0xE3, 0x00, 0xD7, 0xE3, 0xE2, 0x00
	.byte 0xE9, 0xE2, 0x00, 0xD5, 0xE1, 0xDD, 0xD7, 0xE3, 0xB8, 0xFA, 0xE9, 0xE2
	.byte 0x00, 0xD7, 0xD9, 0xE6, 0xE8, 0xE3, 0x00, 0xBC, 0xCC, 0xBB, 0xD1, 0xC6
	.byte 0xD3, 0xAD, 0xFF
gFameCheckerFlavorText_Agatha0::
	.byte 0xFC, 0x01, 0x08, 0xFC, 0x03, 0x09, 0xBD, 0xDC, 0xD9, 0x00, 0xD7, 0xE3
	.byte 0xE7, 0xD5, 0x00, 0xDA, 0xD5, 0xAC, 0xFB, 0xFC, 0x06, 0x05, 0xFC, 0x01
	.byte 0x02, 0xFC, 0x03, 0x03, 0xCD, 0xE3, 0xE2, 0xE3, 0x00, 0xBB, 0xC1, 0xBB
	.byte 0xCE, 0xC2, 0xBB, 0x00, 0xD8, 0xD9, 0xDD, 0x00, 0xCD, 0xCF, 0xCA, 0xBF
	.byte 0xCC, 0xCB, 0xCF, 0xBB, 0xCE, 0xCE, 0xCC, 0xC9, 0xAB, 0xFF
gFameCheckerFlavorText_Agatha1::
	.byte 0xFC, 0x01, 0x08, 0xFC, 0x03, 0x09, 0xCA, 0xC9, 0xC5, 0x1B, 0xC7, 0xC9
	.byte 0xC8, 0x00, 0xE4, 0xE6, 0xD9, 0xDA, 0xD9, 0xE6, 0xDD, 0xE8, 0xDD, 0xAC
	.byte 0xFB, 0xFC, 0x06, 0x04, 0xFC, 0x01, 0x02, 0xFC, 0x03, 0x03, 0xC3, 0x00
	.byte 0xCA, 0xC9, 0xC5, 0x1B, 0xC7, 0xC9, 0xC8, 0x00, 0xD8, 0xDD, 0x00, 0xE8
	.byte 0xDD, 0xE4, 0xE3, 0x00, 0xCD, 0xCA, 0xBF, 0xCE, 0xCE, 0xCC, 0xC9, 0x00
	.byte 0xD8, 0xDD, 0xFE, 0xBB, 0xC1, 0xBB, 0xCE, 0xC2, 0xBB, 0x00, 0xE7, 0xE3
	.byte 0xE2, 0xE3, 0x00, 0xE3, 0xE6, 0xE6, 0xDD, 0xD6, 0xDD, 0xE0, 0xE1, 0xD9
	.byte 0xE2, 0xE8, 0xD9, 0x00, 0xDA, 0xE3, 0xE6, 0xE8, 0xDD, 0xAB, 0xFF
gFameCheckerFlavorText_Agatha2::
	.byte 0xFC, 0x01, 0x08, 0xFC, 0x03, 0x09, 0xBD, 0xDC, 0xD9, 0x00, 0xE8, 0xDD
	.byte 0xE4, 0xE3, 0x00, 0x1A, 0xAC, 0xFB, 0xFC, 0x06, 0x04, 0xFC, 0x01, 0x02
	.byte 0xFC, 0x03, 0x03, 0xCB, 0xE9, 0xD9, 0xE0, 0xE0, 0xD5, 0x00, 0xEA, 0xD9
	.byte 0xD7, 0xD7, 0xDC, 0xDD, 0xD9, 0xE8, 0xE8, 0xD5, 0x00, 0x1A, 0x00, 0xE4
	.byte 0xE3, 0xE8, 0xD9, 0xE2, 0xE8, 0xDD, 0xE7, 0xE7, 0xDD, 0xE1, 0xD5, 0xB8
	.byte 0xFE, 0xD9, 0xD8, 0x00, 0x1A, 0x00, 0xD5, 0xE2, 0xD7, 0xDC, 0xD9, 0x00
	.byte 0xE9, 0xE2, 0xD5, 0x00, 0xE8, 0xD9, 0xE7, 0xE8, 0xD5, 0x00, 0xD7, 0xD5
	.byte 0xE0, 0xD8, 0xD5, 0xAB, 0xFB, 0xC8, 0xDD, 0xD9, 0xE2, 0xE8, 0xD9, 0x00
	.byte 0xE0, 0xD5, 0x00, 0xE7, 0xE4, 0xD5, 0xEA, 0xD9, 0xE2, 0xE8, 0xD5, 0xAB
	.byte 0xFF
gFameCheckerFlavorText_Agatha3::
	.byte 0xFC, 0x01, 0x08, 0xFC, 0x03, 0x09, 0xC6, 0xE3, 0x00, 0xE7, 0xD5, 0xE4
	.byte 0xD9, 0xEA, 0xDD, 0x00, 0xD7, 0xDC, 0xD9, 0xB0, 0xFB, 0xFC, 0x01, 0x02
	.byte 0xFC, 0x03, 0x03, 0xCF, 0xE2, 0x00, 0xE8, 0xD9, 0xE1, 0xE4, 0xE3, 0xB8
	.byte 0x00, 0xBB, 0xC1, 0xBB, 0xCE, 0xC2, 0xBB, 0x00, 0xD9, 0x00, 0xDD, 0xE0
	.byte 0x00, 0xCA, 0xCC, 0xC9, 0xC0, 0xAD, 0x00, 0xC9, 0xBB, 0xC5, 0xFE, 0xD9
	.byte 0xE6, 0xD5, 0xE2, 0xE3, 0x00, 0xDB, 0xE6, 0xD5, 0xE2, 0xD8, 0xDD, 0x00
	.byte 0xE6, 0xDD, 0xEA, 0xD5, 0xE0, 0xDD, 0x00, 0xD7, 0xE3, 0xE1, 0xD9, 0xFA
	.byte 0xBB, 0xC6, 0xC6, 0xBF, 0xC8, 0xBB, 0xCE, 0xC9, 0xCC, 0xC3, 0x00, 0xD8
	.byte 0xDD, 0x00, 0xCA, 0xC9, 0xC5, 0x1B, 0xC7, 0xC9, 0xC8, 0xAD, 0xFF
gFameCheckerFlavorText_Agatha4::
	.byte 0xFC, 0x01, 0x08, 0xFC, 0x03, 0x09, 0xC0, 0xD5, 0xE1, 0xDD, 0xDB, 0xE0
	.byte 0xDD, 0xD5, 0x00, 0xD9, 0x00, 0xD5, 0xE1, 0xDD, 0xD7, 0xDD, 0xAC, 0xFB
	.byte 0xFC, 0x06, 0x05, 0xFC, 0x01, 0x02, 0xFC, 0x03, 0x03, 0xC9, 0xBB, 0xC5
	.byte 0x00, 0xE7, 0xD9, 0xE1, 0xD6, 0xE6, 0xD5, 0x00, 0xE1, 0xE3, 0xE0, 0xE8
	.byte 0xE3, 0x00, 0xDD, 0xE2, 0xE8, 0xD9, 0xE6, 0xD9, 0xE7, 0xE7, 0xD5, 0xE8
	.byte 0xE3, 0x00, 0xD5, 0x00, 0xE8, 0xD9, 0xAB, 0xFB, 0xC7, 0xE3, 0xE0, 0xE8
	.byte 0xDD, 0x00, 0xD5, 0xE2, 0xE2, 0xDD, 0x00, 0xDA, 0xD5, 0x00, 0xE5, 0xE9
	.byte 0xD9, 0xE0, 0x00, 0xEA, 0xD9, 0xD7, 0xD7, 0xDC, 0xDD, 0xD9, 0xE8, 0xE8
	.byte 0xE3, 0xFE, 0xD9, 0xE6, 0xD5, 0x00, 0xDA, 0xE3, 0xE6, 0xE8, 0xD9, 0x00
	.byte 0xD9, 0x00, 0xD5, 0xDA, 0xDA, 0xD5, 0xE7, 0xD7, 0xDD, 0xE2, 0xD5, 0xE2
	.byte 0xE8, 0xD9, 0xAB, 0xFF
gFameCheckerFlavorText_Agatha5::
	.byte 0xFC, 0x01, 0x08, 0xFC, 0x03, 0x09, 0xBD, 0xDC, 0xD9, 0x00, 0xE8, 0xDD
	.byte 0xE4, 0xE3, 0x00, 0x1A, 0xAC, 0xFB, 0xFC, 0x06, 0x05, 0xFC, 0x01, 0x02
	.byte 0xFC, 0x03, 0x03, 0xCA, 0xE6, 0xD9, 0xE2, 0xD8, 0xDD, 0x00, 0xBB, 0xC1
	.byte 0xBB, 0xCE, 0xC2, 0xBB, 0xB8, 0x00, 0xE4, 0xD9, 0xE6, 0x00, 0xD9, 0xE7
	.byte 0xD9, 0xE1, 0xE4, 0xDD, 0xE3, 0xAB, 0xFB, 0x05, 0x00, 0xE0, 0xD5, 0x00
	.byte 0xE4, 0xDD, 0x26, 0x00, 0xD5, 0xE2, 0xEE, 0xDD, 0xD5, 0xE2, 0xD5, 0x00
	.byte 0xCD, 0xCF, 0xCA, 0xBF, 0xCC, 0xCB, 0xCF, 0xBB, 0xCE, 0xCE, 0xCC, 0xC9
	.byte 0xFE, 0xD8, 0xD9, 0xE0, 0xE0, 0xD5, 0x00, 0xE7, 0xE8, 0xE3, 0xE6, 0xDD
	.byte 0xD5, 0xAB, 0xFF
gFameCheckerFlavorText_Lance0::
	.byte 0xFC, 0x01, 0x08, 0xFC, 0x03, 0x09, 0xBD, 0xDC, 0xD9, 0x00, 0xD7, 0xE3
	.byte 0xE7, 0xD5, 0x00, 0xDA, 0xD5, 0xAC, 0xFB, 0xFC, 0x06, 0x04, 0xFC, 0x01
	.byte 0x02, 0xFC, 0x03, 0x03, 0xCD, 0xE3, 0xE2, 0xE3, 0x00, 0xDD, 0xE0, 0x00
	.byte 0xD7, 0xD5, 0xE4, 0xE3, 0x00, 0xD8, 0xD9, 0xDD, 0x00, 0xCD, 0xCF, 0xCA
	.byte 0xBF, 0xCC, 0xCB, 0xCF, 0xBB, 0xCE, 0xCE, 0xCC, 0xC9, 0xAB, 0xFE, 0xCD
	.byte 0xE3, 0xE2, 0xE3, 0x00, 0xC6, 0xBB, 0xC8, 0xBD, 0xBF, 0xB8, 0x00, 0xE0
	.byte 0xB4, 0xBB, 0xC6, 0xC6, 0xBF, 0xC8, 0xBB, 0xCE, 0xC9, 0xCC, 0xBF, 0x00
	.byte 0xD8, 0xE6, 0xD5, 0xDB, 0xE3, 0xAB, 0xFF
gFameCheckerFlavorText_Lance1::
	.byte 0xFC, 0x01, 0x08, 0xFC, 0x03, 0x09, 0xCA, 0xC9, 0xC5, 0x1B, 0xC7, 0xC9
	.byte 0xC8, 0x00, 0xE4, 0xE6, 0xD9, 0xDA, 0xD9, 0xE6, 0xDD, 0xE8, 0xDD, 0xAC
	.byte 0xFB, 0xFC, 0x06, 0x04, 0xFC, 0x01, 0x02, 0xFC, 0x03, 0x03, 0xC3, 0x00
	.byte 0xCA, 0xC9, 0xC5, 0x1B, 0xC7, 0xC9, 0xC8, 0x00, 0xD8, 0xDD, 0x00, 0xE8
	.byte 0xDD, 0xE4, 0xE3, 0x00, 0xBE, 0xCC, 0xBB, 0xC1, 0xC9, 0x00, 0xE7, 0xE3
	.byte 0xE2, 0xE3, 0xFE, 0xE1, 0xDD, 0xE8, 0xDD, 0xD7, 0xDD, 0xAB, 0xFB, 0xCD
	.byte 0xE3, 0xE2, 0xE3, 0x00, 0xD8, 0xDD, 0xDA, 0xDA, 0xDD, 0xD7, 0xDD, 0xE0
	.byte 0xDD, 0x00, 0xD8, 0xD5, 0x00, 0xD7, 0xD5, 0xE8, 0xE8, 0xE9, 0xE6, 0xD5
	.byte 0xE6, 0xD9, 0x00, 0xD9, 0xFE, 0xD5, 0xE0, 0xE0, 0xD9, 0xE2, 0xD5, 0xE6
	.byte 0xD9, 0xB8, 0x00, 0xE1, 0xD5, 0x00, 0xE7, 0xE3, 0xE2, 0xE3, 0x00, 0xE5
	.byte 0xE9, 0xD5, 0xE7, 0xDD, 0xFA, 0xDD, 0xE1, 0xD6, 0xD5, 0xE8, 0xE8, 0xDD
	.byte 0xD6, 0xDD, 0xE0, 0xDD, 0xAB, 0xFB, 0xCD, 0xE3, 0xE2, 0xE3, 0x00, 0xE4
	.byte 0xE6, 0xD5, 0xE8, 0xDD, 0xD7, 0xD5, 0xE1, 0xD9, 0xE2, 0xE8, 0xD9, 0x00
	.byte 0xDD, 0xE2, 0xEA, 0xE9, 0xE0, 0xE2, 0xD9, 0xE6, 0xD5, 0xD6, 0xDD, 0xE0
	.byte 0xDD, 0xAB, 0xFF
gFameCheckerFlavorText_Lance2::
	.byte 0xFC, 0x01, 0x08, 0xFC, 0x03, 0x09, 0xBD, 0xDC, 0xD9, 0x00, 0xE8, 0xDD
	.byte 0xE4, 0xE3, 0x00, 0x1A, 0xAC, 0xFB, 0xFC, 0x06, 0x05, 0xFC, 0x01, 0x02
	.byte 0xFC, 0x03, 0x03, 0x05, 0x00, 0xE9, 0xE2, 0x00, 0xE4, 0xD5, 0xE0, 0xD5
	.byte 0xD8, 0xDD, 0xE2, 0xE3, 0x00, 0xD8, 0xD9, 0xE0, 0xE0, 0xD5, 0x00, 0xDB
	.byte 0xDD, 0xE9, 0xE7, 0xE8, 0xDD, 0xEE, 0xDD, 0xD5, 0xAB, 0xFE, 0x05, 0x00
	.byte 0xD5, 0xE0, 0xE0, 0xE3, 0x00, 0xE7, 0xE8, 0xD9, 0xE7, 0xE7, 0xE3, 0x00
	.byte 0xE8, 0xD9, 0xE1, 0xE4, 0xE3, 0x00, 0xE9, 0xE2, 0x00, 0xE9, 0xE3, 0xE1
	.byte 0xE3, 0xFA, 0xD8, 0xE9, 0xE6, 0xE3, 0x00, 0xD9, 0x00, 0xE6, 0xE3, 0xE1
	.byte 0xD5, 0xE2, 0xE8, 0xDD, 0xD7, 0xE3, 0xAD, 0xFB, 0xC6, 0xBB, 0xC8, 0xBD
	.byte 0xBF, 0x00, 0x1A, 0x00, 0xE7, 0xD9, 0xE1, 0xE4, 0xE0, 0xDD, 0xD7, 0xD9
	.byte 0xE1, 0xD9, 0xE2, 0xE8, 0xD9, 0x00, 0xDD, 0xE0, 0x00, 0xE4, 0xDD, 0x26
	.byte 0xFE, 0xDB, 0xE6, 0xD5, 0xE2, 0xD8, 0xD9, 0xAB, 0xFF
gFameCheckerFlavorText_Lance3::
	.byte 0xFC, 0x01, 0x08, 0xFC, 0x03, 0x09, 0xC6, 0xE3, 0x00, 0xE7, 0xD5, 0xE4
	.byte 0xD9, 0xEA, 0xDD, 0x00, 0xD7, 0xDC, 0xD9, 0xB0, 0xFB, 0xFC, 0x06, 0x05
	.byte 0xFC, 0x01, 0x02, 0xFC, 0x03, 0x03, 0xBB, 0xD6, 0xD6, 0xDD, 0xD5, 0xE1
	.byte 0xE3, 0x00, 0xE9, 0xE2, 0x00, 0xD7, 0xE0, 0xDD, 0xD9, 0xE2, 0xE8, 0xD9
	.byte 0x00, 0xDA, 0xDD, 0xE7, 0xE7, 0xE3, 0x00, 0xD7, 0xDC, 0xD9, 0x00, 0xE7
	.byte 0xDD, 0xFE, 0xD7, 0xDC, 0xDD, 0xD5, 0xE1, 0xD5, 0x00, 0xC6, 0xBB, 0xC8
	.byte 0xBD, 0xBF, 0xAD, 0xFB, 0xBD, 0xE3, 0xE1, 0xE4, 0xE6, 0xD5, 0x00, 0xE7
	.byte 0xD9, 0xE1, 0xE4, 0xE6, 0xD9, 0x00, 0xE1, 0xD5, 0xE2, 0xE8, 0xD9, 0xE0
	.byte 0xE0, 0xDD, 0x00, 0xD8, 0xD9, 0xE0, 0xE0, 0xE3, 0xFE, 0xE7, 0xE8, 0xD9
	.byte 0xE7, 0xE7, 0xE3, 0x00, 0xD7, 0xE3, 0xE0, 0xE3, 0xE6, 0xD9, 0xAD, 0xFB
	.byte 0xBD, 0xE6, 0xD9, 0xD8, 0xE3, 0x00, 0xD7, 0xDC, 0xD9, 0x00, 0xE2, 0xD9
	.byte 0x00, 0xD5, 0xD6, 0xD6, 0xDD, 0xD5, 0x00, 0xE0, 0xB4, 0xD5, 0xE6, 0xE1
	.byte 0xD5, 0xD8, 0xDD, 0xE3, 0x00, 0xE4, 0xDD, 0xD9, 0xE2, 0xE3, 0xAB, 0xFF
gFameCheckerFlavorText_Lance4::
	.byte 0xFC, 0x01, 0x08, 0xFC, 0x03, 0x09, 0xC0, 0xD5, 0xE1, 0xDD, 0xDB, 0xE0
	.byte 0xDD, 0xD5, 0x00, 0xD9, 0x00, 0xD5, 0xE1, 0xDD, 0xD7, 0xDD, 0xAC, 0xFB
	.byte 0xFC, 0x01, 0x02, 0xFC, 0x03, 0x03, 0xCD, 0xDD, 0x00, 0xD8, 0xDD, 0xD7
	.byte 0xD9, 0x00, 0xD7, 0xDC, 0xD9, 0x00, 0xDD, 0xE0, 0x00, 0xE2, 0xE3, 0xE2
	.byte 0xE2, 0xE3, 0x00, 0xD8, 0xDD, 0x00, 0xC6, 0xBB, 0xC8, 0xBD, 0xBF, 0xFE
	.byte 0xDA, 0xE3, 0xE7, 0xE7, 0xD9, 0x00, 0xD5, 0x00, 0xD7, 0xD5, 0xE4, 0xE3
	.byte 0x00, 0xD8, 0xDD, 0x00, 0xE9, 0xE2, 0xD5, 0x00, 0xE0, 0xD9, 0xDB, 0xDB
	.byte 0xD9, 0xE2, 0xD8, 0xD5, 0xE6, 0xDD, 0xD5, 0xFA, 0xD6, 0xD5, 0xE2, 0xD8
	.byte 0xD5, 0x00, 0xD8, 0xDD, 0x00, 0xD8, 0xE3, 0xE1, 0xD5, 0xE8, 0xE3, 0xE6
	.byte 0xDD, 0x00, 0xD8, 0xDD, 0x00, 0xD8, 0xE6, 0xD5, 0xDB, 0xDC, 0xDD, 0xAD
	.byte 0xFF
gFameCheckerFlavorText_Lance5::
	.byte 0xFC, 0x01, 0x08, 0xFC, 0x03, 0x09, 0xC0, 0xD5, 0xE1, 0xDD, 0xDB, 0xE0
	.byte 0xDD, 0xD5, 0x00, 0xD9, 0x00, 0xD5, 0xE1, 0xDD, 0xD7, 0xDD, 0xAC, 0xFB
	.byte 0xFC, 0x06, 0x04, 0xFC, 0x01, 0x02, 0xFC, 0x03, 0x03, 0xC2, 0xE3, 0x00
	.byte 0xE7, 0xD9, 0xE2, 0xE8, 0xDD, 0xE8, 0xE3, 0x00, 0xD8, 0xDD, 0xE6, 0xD9
	.byte 0x00, 0xD7, 0xDC, 0xD9, 0x00, 0xDD, 0xE0, 0x00, 0xD7, 0xE9, 0xDB, 0xDD
	.byte 0xE2, 0xE3, 0x00, 0xD8, 0xDD, 0xFE, 0xC6, 0xBB, 0xC8, 0xBD, 0xBF, 0xB8
	.byte 0x00, 0xD8, 0xD9, 0xDD, 0x00, 0xCD, 0xCF, 0xCA, 0xBF, 0xCC, 0xCB, 0xCF
	.byte 0xBB, 0xCE, 0xCE, 0xCC, 0xC9, 0xB8, 0xFA, 0x1A, 0x00, 0xBD, 0xBB, 0xCA
	.byte 0xC9, 0xCA, 0xBB, 0xC6, 0xBF, 0xCD, 0xCE, 0xCC, 0xBB, 0x00, 0xD8, 0xD5
	.byte 0x00, 0xE5, 0xE9, 0xD5, 0xE0, 0xD7, 0xDC, 0xD9, 0x00, 0xE4, 0xD5, 0xE6
	.byte 0xE8, 0xD9, 0xAD, 0xFF
gFameCheckerFlavorText_Bill0::
	.byte 0xFC, 0x01, 0x08, 0xFC, 0x03, 0x09, 0xBD, 0xDC, 0xD9, 0x00, 0xD7, 0xE3
	.byte 0xE7, 0xD5, 0x00, 0xDA, 0xD5, 0xAC, 0xFB, 0xFC, 0x06, 0x04, 0xFC, 0x01
	.byte 0x02, 0xFC, 0x03, 0x03, 0xBC, 0xC3, 0xC6, 0xC6, 0x00, 0x1A, 0x00, 0xE2
	.byte 0xE3, 0xE8, 0xE3, 0x00, 0xD5, 0x00, 0xE8, 0xE9, 0xE8, 0xE8, 0xDD, 0x00
	.byte 0xD7, 0xE3, 0xE1, 0xD9, 0xFE, 0xCA, 0xC9, 0xC5, 0x1B, 0xC0, 0xBB, 0xC8
	.byte 0xBB, 0xCE, 0xC3, 0xBD, 0xC9, 0xAB, 0xFB, 0xC2, 0xD5, 0x00, 0xDD, 0xE2
	.byte 0xEA, 0xD9, 0xE2, 0xE8, 0xD5, 0xE8, 0xE3, 0x00, 0xDD, 0xE0, 0x00, 0xCD
	.byte 0xDD, 0xE7, 0xE8, 0xD9, 0xE1, 0xD5, 0x00, 0xC7, 0xD9, 0xE1, 0xE3, 0xE6
	.byte 0xDD, 0xD5, 0xFE, 0xCA, 0xC9, 0xC5, 0x1B, 0xC7, 0xC9, 0xC8, 0x00, 0xE4
	.byte 0xD9, 0xE6, 0x00, 0xDD, 0xE0, 0x00, 0xCA, 0xBD, 0xAB, 0xFF
gFameCheckerFlavorText_Bill1::
	.byte 0xFC, 0x01, 0x08, 0xFC, 0x03, 0x09, 0xCA, 0xC9, 0xC5, 0x1B, 0xC7, 0xC9
	.byte 0xC8, 0x00, 0xE4, 0xE6, 0xD9, 0xDA, 0xD9, 0xE6, 0xDD, 0xE8, 0xDD, 0xAC
	.byte 0xFB, 0xFC, 0x06, 0x04, 0xFC, 0x01, 0x02, 0xFC, 0x03, 0x03, 0xBC, 0xC3
	.byte 0xC6, 0xC6, 0x00, 0xDC, 0xD5, 0x00, 0xE1, 0xE3, 0xE0, 0xE8, 0xDD, 0xE7
	.byte 0xE7, 0xDD, 0xE1, 0xDD, 0x00, 0xCA, 0xC9, 0xC5, 0x1B, 0xC7, 0xC9, 0xC8
	.byte 0xAB, 0xFB, 0xBF, 0x00, 0xD5, 0xE0, 0xD7, 0xE9, 0xE2, 0xDD, 0x00, 0xE7
	.byte 0xE3, 0xE2, 0xE3, 0x00, 0xE6, 0xD5, 0xE6, 0xDD, 0xE7, 0xE7, 0xDD, 0xE1
	.byte 0xDD, 0xAB, 0xFF
gFameCheckerFlavorText_Bill2::
	.byte 0xFC, 0x01, 0x08, 0xFC, 0x03, 0x09, 0xBD, 0xDC, 0xD9, 0x00, 0xE8, 0xDD
	.byte 0xE4, 0xE3, 0x00, 0x1A, 0xAC, 0xFB, 0xFC, 0x06, 0x04, 0xFC, 0x01, 0x02
	.byte 0xFC, 0x03, 0x03, 0x05, 0x00, 0xE1, 0xDD, 0xE3, 0x00, 0xE2, 0xDD, 0xE4
	.byte 0xE3, 0xE8, 0xD9, 0xAB, 0xFB, 0xC0, 0xDD, 0xE2, 0x00, 0xD8, 0xD5, 0x00
	.byte 0xE4, 0xDD, 0xD7, 0xD7, 0xE3, 0xE0, 0xE3, 0xB8, 0x00, 0xDC, 0xD5, 0x00
	.byte 0xE7, 0xD9, 0xE1, 0xE4, 0xE6, 0xD9, 0x00, 0xFE, 0xD5, 0xEA, 0xE9, 0xE8
	.byte 0xE3, 0x00, 0xE0, 0xD5, 0x00, 0xE4, 0xD5, 0xE7, 0xE7, 0xDD, 0xE3, 0xE2
	.byte 0xD9, 0x00, 0xE4, 0xD9, 0xE6, 0x00, 0xE0, 0xD9, 0xFA, 0xD7, 0xE3, 0xE0
	.byte 0xE0, 0xD9, 0xEE, 0xDD, 0xE3, 0xE2, 0xDD, 0xAD, 0xFF
gFameCheckerFlavorText_Bill3::
	.byte 0xFC, 0x01, 0x08, 0xFC, 0x03, 0x09, 0xCA, 0xC9, 0xC5, 0x1B, 0xC7, 0xC9
	.byte 0xC8, 0x00, 0xE4, 0xE6, 0xD9, 0xDA, 0xD9, 0xE6, 0xDD, 0xE8, 0xDD, 0xAC
	.byte 0xFB, 0xFC, 0x06, 0x04, 0xFC, 0x01, 0x02, 0xFC, 0x03, 0x03, 0xBC, 0xC3
	.byte 0xC6, 0xC6, 0xB8, 0x00, 0xD8, 0xD5, 0x00, 0xD6, 0xE9, 0xE3, 0xE2, 0x00
	.byte 0xCA, 0xC9, 0xC5, 0x1B, 0xC0, 0xBB, 0xC8, 0xBB, 0xCE, 0xC3, 0xBD, 0xC9
	.byte 0xB8, 0xFE, 0xEA, 0xD5, 0x00, 0xE4, 0xD5, 0xEE, 0xEE, 0xE3, 0x00, 0xE4
	.byte 0xD9, 0xE6, 0x00, 0xE8, 0xE9, 0xE8, 0xE8, 0xDD, 0x00, 0xDD, 0x00, 0xCA
	.byte 0xC9, 0xC5, 0x1B, 0xC7, 0xC9, 0xC8, 0xAD, 0xFB, 0xC7, 0xD5, 0x00, 0xE7
	.byte 0xD5, 0xDD, 0x00, 0xE5, 0xE9, 0xD5, 0xE0, 0x00, 0x1A, 0x00, 0xDD, 0xE0
	.byte 0x00, 0xE4, 0xE6, 0xDD, 0xE1, 0xE3, 0x00, 0xD7, 0xDC, 0xD9, 0x00, 0xDC
	.byte 0xD5, 0xFE, 0xD7, 0xD5, 0xE8, 0xE8, 0xE9, 0xE6, 0xD5, 0xE8, 0xE3, 0xAC
	.byte 0x00, 0xCF, 0xE2, 0x00, 0xBB, 0xBC, 0xCC, 0xBB, 0xAB, 0xFF
gFameCheckerFlavorText_Bill4::
	.byte 0xFC, 0x01, 0x08, 0xFC, 0x03, 0x09, 0xC0, 0xD5, 0xE1, 0xDD, 0xDB, 0xE0
	.byte 0xDD, 0xD5, 0x00, 0xD9, 0x00, 0xD5, 0xE1, 0xDD, 0xD7, 0xDD, 0xAC, 0xFB
	.byte 0xFC, 0x06, 0x04, 0xFC, 0x01, 0x02, 0xFC, 0x03, 0x03, 0xBC, 0xC3, 0xC6
	.byte 0xC6, 0x00, 0xEA, 0xDD, 0xD9, 0xE2, 0xD9, 0x00, 0xD8, 0xD5, 0x00, 0xC0
	.byte 0xC3, 0xC9, 0xCC, 0xBE, 0xC9, 0xCC, 0xC9, 0xCA, 0xC9, 0xC6, 0xC3, 0xAD
	.byte 0xFB, 0xC2, 0xE3, 0x00, 0xE7, 0xD9, 0xE2, 0xE8, 0xDD, 0xE8, 0xE3, 0x00
	.byte 0xD8, 0xDD, 0xE6, 0xD9, 0x00, 0xD7, 0xDC, 0xD9, 0x00, 0x1A, 0x00, 0xE9
	.byte 0xE2, 0xD5, 0x00, 0xD7, 0xDD, 0xE8, 0xE8, 0x16, 0xFE, 0xE1, 0xE3, 0xE0
	.byte 0xE8, 0xE3, 0x00, 0xD5, 0xE0, 0xE0, 0xD9, 0xDB, 0xE6, 0xD5, 0xB8, 0x00
	.byte 0xEA, 0xDD, 0xE8, 0xD5, 0xE0, 0xD9, 0xAD, 0xFF
gFameCheckerFlavorText_Bill5::
	.byte 0xFC, 0x01, 0x08, 0xFC, 0x03, 0x09, 0xC6, 0xE3, 0x00, 0xE7, 0xD5, 0xE4
	.byte 0xD9, 0xEA, 0xDD, 0x00, 0xD7, 0xDC, 0xD9, 0xB0, 0xFB, 0xFC, 0x06, 0x04
	.byte 0xFC, 0x01, 0x02, 0xFC, 0x03, 0x03, 0xBC, 0xC3, 0xC6, 0xC6, 0x00, 0xE2
	.byte 0xE3, 0xE2, 0x00, 0xD6, 0xD9, 0xEA, 0xD9, 0x00, 0xE0, 0xD5, 0xE8, 0xE8
	.byte 0xD9, 0xAD, 0x00, 0xC8, 0xE3, 0xE2, 0x00, 0xDB, 0xE0, 0xDD, 0xFE, 0xE4
	.byte 0xDD, 0xD5, 0xD7, 0xD9, 0x00, 0xE4, 0xE6, 0xE3, 0xE4, 0xE6, 0xDD, 0xE3
	.byte 0xAD, 0xFF
gFameCheckerFlavorText_MrFuji0::
	.byte 0xFC, 0x01, 0x08, 0xFC, 0x03, 0x09, 0xBD, 0xDC, 0xD9, 0x00, 0xD7, 0xE3
	.byte 0xE7, 0xD5, 0x00, 0xDA, 0xD5, 0xAC, 0xFB, 0xFC, 0x06, 0x05, 0xFC, 0x01
	.byte 0x02, 0xFC, 0x03, 0x03, 0xBD, 0xDC, 0xD9, 0x00, 0xD7, 0xD5, 0xE6, 0xD5
	.byte 0x00, 0xE4, 0xD9, 0xE6, 0xE7, 0xE3, 0xE2, 0xD5, 0xAB, 0xFB, 0xCD, 0xDD
	.byte 0x00, 0xE4, 0xE6, 0xD9, 0xE2, 0xD8, 0xD9, 0x00, 0xD7, 0xE9, 0xE6, 0xD5
	.byte 0x00, 0xD8, 0xD9, 0xDD, 0x00, 0xCA, 0xC9, 0xC5, 0x1B, 0xC7, 0xC9, 0xC8
	.byte 0x00, 0xE3, 0xE6, 0xDA, 0xD5, 0xE2, 0xDD, 0xFE, 0xD9, 0x00, 0xD5, 0xD6
	.byte 0xD6, 0xD5, 0xE2, 0xD8, 0xE3, 0xE2, 0xD5, 0xE8, 0xDD, 0xAB, 0xFF
gFameCheckerFlavorText_MrFuji1::
	.byte 0xFC, 0x01, 0x08, 0xFC, 0x03, 0x09, 0xBD, 0xDC, 0xD9, 0x00, 0xE8, 0xDD
	.byte 0xE4, 0xE3, 0x00, 0x1A, 0xAC, 0xFB, 0xFC, 0x06, 0x04, 0xFC, 0x01, 0x02
	.byte 0xFC, 0x03, 0x03, 0xCB, 0xE9, 0xD9, 0xE7, 0xE8, 0xE3, 0x00, 0xEA, 0xD9
	.byte 0xD7, 0xD7, 0xDC, 0xDD, 0xD9, 0xE8, 0xE8, 0xE3, 0x00, 0xE7, 0xDD, 0x00
	.byte 0x1A, 0x00, 0xDD, 0xE2, 0xE8, 0xE6, 0xE9, 0xDA, 0xE3, 0xE0, 0xD5, 0xE8
	.byte 0xE3, 0xFE, 0xE2, 0xD9, 0xE0, 0x00, 0xE2, 0xE3, 0xE7, 0xE8, 0xE6, 0xE3
	.byte 0x00, 0xCC, 0xC3, 0xC0, 0xCF, 0xC1, 0xC3, 0xC9, 0xAD, 0xFB, 0xCA, 0xE3
	.byte 0xDD, 0xB8, 0x00, 0xDC, 0xD5, 0x00, 0xDD, 0xE2, 0xDD, 0xEE, 0xDD, 0xD5
	.byte 0xE8, 0xE3, 0x00, 0xD5, 0x00, 0xE0, 0xD5, 0xE1, 0xD9, 0xE2, 0xE8, 0xD5
	.byte 0xE6, 0xE7, 0xDD, 0xB8, 0xFE, 0xD8, 0xDD, 0xD7, 0xD9, 0xE2, 0xD8, 0xE3
	.byte 0x00, 0xD7, 0xDC, 0xD9, 0x00, 0xCE, 0xBF, 0xBB, 0xC7, 0x00, 0xCC, 0xC9
	.byte 0xBD, 0xC5, 0xBF, 0xCE, 0x00, 0xDA, 0xD5, 0xFA, 0xD8, 0xD9, 0xE0, 0x00
	.byte 0xE1, 0xD5, 0xE0, 0xD9, 0x00, 0xD5, 0xDD, 0x00, 0xCA, 0xC9, 0xC5, 0x1B
	.byte 0xC7, 0xC9, 0xC8, 0xAD, 0xFB, 0xC9, 0xE6, 0xD5, 0x00, 0xE7, 0xE8, 0xDD
	.byte 0xD5, 0xE1, 0xE3, 0x00, 0xD7, 0xD9, 0xE6, 0xD7, 0xD5, 0xE2, 0xD8, 0xE3
	.byte 0x00, 0xD8, 0xDD, 0x00, 0xDA, 0xD5, 0xE6, 0xE0, 0xE3, 0xFE, 0xE6, 0xD5
	.byte 0xDB, 0xDD, 0xE3, 0xE2, 0xD5, 0xE6, 0xD9, 0xAD, 0xFF
gFameCheckerFlavorText_MrFuji2::
	.byte 0xFC, 0x01, 0x08, 0xFC, 0x03, 0x09, 0xBD, 0xDC, 0xD9, 0x00, 0xE8, 0xDD
	.byte 0xE4, 0xE3, 0x00, 0x1A, 0xAC, 0xFB, 0xFC, 0x01, 0x02, 0xFC, 0x03, 0x03
	.byte 0xCC, 0xC3, 0xD0, 0xC3, 0xCD, 0xCE, 0xBB, 0x00, 0xC0, 0xBB, 0xC8, 0x00
	.byte 0xBE, 0xBF, 0xC3, 0x00, 0xCA, 0xC9, 0xC5, 0x1B, 0xC7, 0xC9, 0xC8, 0xFE
	.byte 0xBD, 0xE3, 0xE2, 0xD7, 0xE3, 0xE6, 0xE7, 0xE3, 0x00, 0xC7, 0xD9, 0xE2
	.byte 0xE7, 0xDD, 0xE0, 0xD9, 0x00, 0xD8, 0xDD, 0x00, 0xBE, 0xDD, 0xE7, 0xD9
	.byte 0xDB, 0xE2, 0xE3, 0xFA, 0xCA, 0xC9, 0xC5, 0x1B, 0xC7, 0xC9, 0xC8, 0xAB
	.byte 0xFB, 0xC3, 0xE0, 0x00, 0xE1, 0xE3, 0xD8, 0xE9, 0xE0, 0xE3, 0x00, 0xD8
	.byte 0xDD, 0x00, 0xDD, 0xE7, 0xD7, 0xE6, 0xDD, 0xEE, 0xDD, 0xE3, 0xE2, 0xD9
	.byte 0x00, 0x1A, 0xB0, 0xFB, 0xB0, 0x1A, 0x00, 0xE7, 0xD7, 0xE3, 0xE1, 0xE4
	.byte 0xD5, 0xE6, 0xE7, 0xE3, 0xAB, 0xFE, 0xCB, 0xE9, 0xD5, 0xE0, 0xD7, 0xE9
	.byte 0xE2, 0xE3, 0x00, 0xD8, 0xD9, 0xEA, 0xB4, 0xD9, 0xE7, 0xE7, 0xD9, 0xE6
	.byte 0xE7, 0xDD, 0x00, 0xDB, 0xDD, 0x16, 0x00, 0xDD, 0xE7, 0xD7, 0xE6, 0xDD
	.byte 0xE8, 0xE8, 0xE3, 0xAD, 0xFF
gFameCheckerFlavorText_MrFuji3::
	.byte 0xFC, 0x01, 0x08, 0xFC, 0x03, 0x09, 0xC6, 0xE3, 0x00, 0xE7, 0xD5, 0xE4
	.byte 0xD9, 0xEA, 0xDD, 0x00, 0xD7, 0xDC, 0xD9, 0xB0, 0xFB, 0xFC, 0x06, 0x04
	.byte 0xFC, 0x01, 0x02, 0xFC, 0x03, 0x03, 0xC2, 0xE3, 0x00, 0xE7, 0xD9, 0xE2
	.byte 0xE8, 0xDD, 0xE8, 0xE3, 0x00, 0xD8, 0xDD, 0xE6, 0xD9, 0x00, 0xD7, 0xDC
	.byte 0xD9, 0x00, 0xE2, 0xD9, 0xD5, 0xE2, 0xD7, 0xDC, 0xD9, 0xFE, 0xC7, 0xCC
	.byte 0xAD, 0x00, 0xC0, 0xCF, 0xC4, 0xC3, 0x00, 0x1A, 0x00, 0xE3, 0xE6, 0xDD
	.byte 0xDB, 0xDD, 0xE2, 0xD5, 0xE6, 0xDD, 0xE3, 0x00, 0xD8, 0xDD, 0x00, 0xE5
	.byte 0xE9, 0xDD, 0xAD, 0xFF
gFameCheckerFlavorText_MrFuji4::
	.byte 0xFC, 0x01, 0x08, 0xFC, 0x03, 0x09, 0xC0, 0xD5, 0xE1, 0xDD, 0xDB, 0xE0
	.byte 0xDD, 0xD5, 0x00, 0xD9, 0x00, 0xD5, 0xE1, 0xDD, 0xD7, 0xDD, 0xAC, 0xFB
	.byte 0xFC, 0x01, 0x02, 0xFC, 0x03, 0x03, 0x05, 0x00, 0xE9, 0xE2, 0xD5, 0x00
	.byte 0xDA, 0xE3, 0xE8, 0xE3, 0x00, 0xD8, 0xDD, 0x00, 0xBC, 0xC6, 0xBB, 0xC3
	.byte 0xC8, 0xBF, 0x00, 0xD9, 0x00, 0xC7, 0xCC, 0xAD, 0x00, 0xC0, 0xCF, 0xC4
	.byte 0xC3, 0xAB, 0xFB, 0xCD, 0xE3, 0xE6, 0xE6, 0xDD, 0xD8, 0xE3, 0xE2, 0xE3
	.byte 0xB8, 0x00, 0xD5, 0xDA, 0xDA, 0xDD, 0xD5, 0xE2, 0xD7, 0xD5, 0xE8, 0xDD
	.byte 0xAD, 0xFF
gFameCheckerFlavorText_MrFuji5::
	.byte 0xFC, 0x01, 0x08, 0xFC, 0x03, 0x09, 0xBD, 0xDC, 0xD9, 0x00, 0xE8, 0xDD
	.byte 0xE4, 0xE3, 0x00, 0x1A, 0xAC, 0xFB, 0xFC, 0x01, 0x02, 0xFC, 0x03, 0x03
	.byte 0xCA, 0xE9, 0xE6, 0xE8, 0xE6, 0xE3, 0xE4, 0xE4, 0xE3, 0x00, 0xE2, 0xE3
	.byte 0xE2, 0x00, 0x1A, 0x00, 0xE7, 0xE8, 0xD5, 0xE8, 0xE3, 0x00, 0xE4, 0xE3
	.byte 0xE7, 0xE7, 0xDD, 0xD6, 0xDD, 0xE0, 0xD9, 0xFE, 0xE3, 0xE8, 0xE8, 0xD9
	.byte 0xE2, 0xD9, 0xE6, 0xD9, 0x00, 0xE9, 0xE2, 0xB4, 0xDD, 0xE2, 0xE8, 0xD9
	.byte 0xE6, 0xEA, 0xDD, 0xE7, 0xE8, 0xD5, 0x00, 0xD8, 0xD5, 0x00, 0xC7, 0xCC
	.byte 0xAD, 0x00, 0xC0, 0xCF, 0xC4, 0xC3, 0xAD, 0xFB, 0xCA, 0xE3, 0xE7, 0xE7
	.byte 0xDD, 0xD5, 0xE1, 0xE3, 0x00, 0xD7, 0xE3, 0xE1, 0xE9, 0xE2, 0xE5, 0xE9
	.byte 0xD9, 0x00, 0xD7, 0xE3, 0xE2, 0xDA, 0xD9, 0xE6, 0xE1, 0xD5, 0xE6, 0xD9
	.byte 0x00, 0xE0, 0xD5, 0xFE, 0xDB, 0xE6, 0xD5, 0xE2, 0xD8, 0xD9, 0x00, 0xDB
	.byte 0xD9, 0xE2, 0xE8, 0xDD, 0xE0, 0xD9, 0xEE, 0xEE, 0xD5, 0x00, 0xD8, 0xDD
	.byte 0x00, 0xE5, 0xE9, 0xD9, 0xE7, 0xE8, 0xB4, 0xE9, 0xE3, 0xE1, 0xE3, 0xB8
	.byte 0xFA, 0xD5, 0xE4, 0xE4, 0xE6, 0xD9, 0xEE, 0xEE, 0xD5, 0xE8, 0xE3, 0x00
	.byte 0xD8, 0xD5, 0x00, 0xE8, 0xE9, 0xE8, 0xE8, 0xDD, 0x00, 0xD5, 0x00, 0xC6
	.byte 0xBB, 0xD0, 0xBB, 0xC8, 0xBE, 0xC9, 0xC8, 0xC3, 0xBB, 0xAD, 0xFF
gFameCheckerFlavorText_Giovanni0::
	.byte 0xFC, 0x01, 0x08, 0xFC, 0x03, 0x09, 0xBD, 0xDC, 0xD9, 0x00, 0xD7, 0xE3
	.byte 0xE7, 0xD5, 0x00, 0xDA, 0xD5, 0xAC, 0xFB, 0xFC, 0x06, 0x04, 0xFC, 0x01
	.byte 0x02, 0xFC, 0x03, 0x03, 0xCE, 0xBF, 0xBB, 0xC7, 0x00, 0xCC, 0xC9, 0xBD
	.byte 0xC5, 0xBF, 0xCE, 0x00, 0xE9, 0xE7, 0xD5, 0x00, 0xDD, 0x00, 0xCA, 0xC9
	.byte 0xC5, 0x1B, 0xC7, 0xC9, 0xC8, 0x00, 0xE4, 0xD9, 0xE6, 0xFE, 0xDA, 0xDD
	.byte 0xE2, 0xD5, 0xE2, 0xEE, 0xDD, 0xD5, 0xE6, 0xD9, 0x00, 0xDD, 0x00, 0xE7
	.byte 0xE9, 0xE3, 0xDD, 0x00, 0xE0, 0xE3, 0xE7, 0xD7, 0xDC, 0xDD, 0x00, 0xE4
	.byte 0xDD, 0xD5, 0xE2, 0xDD, 0xAB, 0xFF
gFameCheckerFlavorText_Giovanni1::
	.byte 0xFC, 0x01, 0x08, 0xFC, 0x03, 0x09, 0xCA, 0xC9, 0xC5, 0x1B, 0xC7, 0xC9
	.byte 0xC8, 0x00, 0xE4, 0xE6, 0xD9, 0xDA, 0xD9, 0xE6, 0xDD, 0xE8, 0xDD, 0xAC
	.byte 0xFB, 0xFC, 0x06, 0x04, 0xFC, 0x01, 0x02, 0xFC, 0x03, 0x03, 0xCB, 0xE9
	.byte 0xD9, 0xDD, 0x00, 0xDA, 0xE9, 0xE6, 0xDA, 0xD5, 0xE2, 0xE8, 0xDD, 0x00
	.byte 0xD7, 0xDC, 0xD9, 0x00, 0xDC, 0xD5, 0xE2, 0xE2, 0xE3, 0xFE, 0xE3, 0xD7
	.byte 0xD7, 0xE9, 0xE4, 0xD5, 0xE8, 0xE3, 0x00, 0xE0, 0xB4, 0xD9, 0xD8, 0xDD
	.byte 0xDA, 0xDD, 0xD7, 0xDD, 0xE3, 0xB0, 0xFB, 0xCA, 0xD5, 0xE6, 0xD9, 0x00
	.byte 0xD7, 0xDC, 0xD9, 0x00, 0xDD, 0xE0, 0x00, 0xE0, 0xE3, 0xE6, 0xE3, 0x00
	.byte 0xBD, 0xBB, 0xCA, 0xC9, 0x00, 0xE7, 0xE8, 0xDD, 0xD5, 0xFE, 0xD7, 0xD9
	.byte 0xE6, 0xD7, 0xD5, 0xE2, 0xD8, 0xE3, 0x00, 0xD8, 0xD9, 0xDD, 0x00, 0xCA
	.byte 0xC9, 0xC5, 0x1B, 0xC7, 0xC9, 0xC8, 0x00, 0xDA, 0xE3, 0xE6, 0xE8, 0xDD
	.byte 0xAD, 0xFF
gFameCheckerFlavorText_Giovanni2::
	.byte 0xFC, 0x01, 0x08, 0xFC, 0x03, 0x09, 0xBD, 0xDC, 0xD9, 0x00, 0xE8, 0xDD
	.byte 0xE4, 0xE3, 0x00, 0x1A, 0xAC, 0xFB, 0xFC, 0x06, 0x04, 0xFC, 0x01, 0x02
	.byte 0xFC, 0x03, 0x03, 0xC3, 0xE0, 0x00, 0xBD, 0xBB, 0xCA, 0xC9, 0x00, 0xD8
	.byte 0xDD, 0x00, 0xCE, 0xBF, 0xBB, 0xC7, 0x00, 0xCC, 0xC9, 0xBD, 0xC5, 0xBF
	.byte 0xCE, 0xFE, 0x1A, 0x00, 0xE3, 0xE6, 0xE6, 0xDD, 0xD6, 0xDD, 0xE0, 0xE1
	.byte 0xD9, 0xE2, 0xE8, 0xD9, 0x00, 0xD7, 0xE6, 0xE9, 0xD8, 0xD9, 0xE0, 0xD9
	.byte 0xAB, 0xFB, 0xCA, 0xD9, 0xE6, 0x00, 0xE0, 0xE9, 0xDD, 0xB8, 0x00, 0xDD
	.byte 0x00, 0xCA, 0xC9, 0xC5, 0x1B, 0xC7, 0xC9, 0xC8, 0x00, 0xE7, 0xE3, 0xE2
	.byte 0xE3, 0xFE, 0xE7, 0xE3, 0xE0, 0xE3, 0x00, 0xE7, 0xE8, 0xE6, 0xE9, 0xE1
	.byte 0xD9, 0xE2, 0xE8, 0xDD, 0xAD, 0xFF
gFameCheckerFlavorText_Giovanni3::
	.byte 0xFC, 0x01, 0x08, 0xFC, 0x03, 0x09, 0xBD, 0xDC, 0xD9, 0x00, 0xD7, 0xE3
	.byte 0xE7, 0xD5, 0x00, 0xDA, 0xD5, 0xAC, 0xFB, 0xFC, 0x06, 0x04, 0xFC, 0x01
	.byte 0x02, 0xFC, 0x03, 0x03, 0xCB, 0xE9, 0xD9, 0xE7, 0xE8, 0xE3, 0x00, 0x1A
	.byte 0x00, 0xDD, 0xE0, 0x00, 0xE1, 0xDD, 0xE3, 0x00, 0xE2, 0xD5, 0xE7, 0xD7
	.byte 0xE3, 0xE2, 0xD8, 0xDD, 0xDB, 0xE0, 0xDD, 0xE3, 0xAB, 0xFB, 0xCB, 0xE9
	.byte 0xDD, 0x00, 0xEA, 0xE3, 0xDB, 0xE0, 0xDD, 0xE3, 0x00, 0xE6, 0xDD, 0xD7
	.byte 0xE3, 0xE7, 0xE8, 0xDD, 0xE8, 0xE9, 0xDD, 0xE6, 0xD9, 0x00, 0xCE, 0xBF
	.byte 0xBB, 0xC7, 0xFE, 0xCC, 0xC9, 0xBD, 0xC5, 0xBF, 0xCE, 0xAB, 0xFF
gFameCheckerFlavorText_Giovanni4::
	.byte 0xFC, 0x01, 0x08, 0xFC, 0x03, 0x09, 0xBD, 0xDC, 0xD9, 0x00, 0xD7, 0xE3
	.byte 0xE7, 0xD5, 0x00, 0xDA, 0xD5, 0xAC, 0xFB, 0xFC, 0x06, 0x04, 0xFC, 0x01
	.byte 0x02, 0xFC, 0x03, 0x03, 0xBB, 0xDC, 0xB8, 0x00, 0xD8, 0xD5, 0xEA, 0xEA
	.byte 0xD9, 0xE6, 0xE3, 0xAC, 0xFE, 0xC1, 0xC3, 0xC9, 0xD0, 0xBB, 0xC8, 0xC8
	.byte 0xC3, 0x00, 0xD9, 0xE6, 0xD5, 0x00, 0xDD, 0xE0, 0x00, 0xBD, 0xBB, 0xCA
	.byte 0xC9, 0xCA, 0xBB, 0xC6, 0xBF, 0xCD, 0xCE, 0xCC, 0xBB, 0x00, 0xD8, 0xDD
	.byte 0xFA, 0xCD, 0xC7, 0xBF, 0xCC, 0xBB, 0xC6, 0xBE, 0xC9, 0xCA, 0xC9, 0xC6
	.byte 0xC3, 0xAC, 0xFF
gFameCheckerFlavorText_Giovanni5::
	.byte 0xFC, 0x01, 0x08, 0xFC, 0x03, 0x09, 0xC0, 0xD5, 0xE1, 0xDD, 0xDB, 0xE0
	.byte 0xDD, 0xD5, 0x00, 0xD9, 0x00, 0xD5, 0xE1, 0xDD, 0xD7, 0xDD, 0xAC, 0xFB
	.byte 0xFC, 0x06, 0x04, 0xFC, 0x01, 0x02, 0xFC, 0x03, 0x03, 0xCD, 0xD5, 0xDD
	.byte 0x00, 0xD7, 0xDC, 0xD9, 0x00, 0xD5, 0xE7, 0xE7, 0xE3, 0xE1, 0xDD, 0xDB
	.byte 0xE0, 0xDD, 0x00, 0xD5, 0xE0, 0x00, 0xDA, 0xDD, 0xDB, 0xE0, 0xDD, 0xE3
	.byte 0xFE, 0xD8, 0xDD, 0x00, 0xC1, 0xC3, 0xC9, 0xD0, 0xBB, 0xC8, 0xC8, 0xC3
	.byte 0xAC, 0xFB, 0xCA, 0xD9, 0xE6, 0x22, 0x00, 0xDD, 0xE0, 0x00, 0xDA, 0xDD
	.byte 0xDB, 0xE0, 0xDD, 0xE3, 0x00, 0xD8, 0xDD, 0x00, 0xC1, 0xC3, 0xC9, 0xD0
	.byte 0xBB, 0xC8, 0xC8, 0xC3, 0xFE, 0xDC, 0xD5, 0x00, 0xDD, 0x00, 0xD7, 0xD5
	.byte 0xE4, 0xD9, 0xE0, 0xE0, 0xDD, 0x00, 0xE6, 0xE3, 0xE7, 0xE7, 0xDD, 0xAD
	.byte 0xFF
gFameCheckerPersonName_ProfOak::
	.byte 0xFC, 0x01, 0x08, 0xFC, 0x03, 0x09, 0xCA, 0xCC, 0xC9, 0xC0, 0xAD, 0x00
	.byte 0xC9, 0xBB, 0xC5, 0xFF
gFameCheckerPersonQuote_ProfOak::
	.byte 0xFC, 0x01, 0x08, 0xFC, 0x03, 0x09, 0xBE, 0xD5, 0xF0, 0x00, 0xCA, 0xCC
	.byte 0xC9, 0xC0, 0xAD, 0x00, 0xC9, 0xBB, 0xC5, 0xFE, 0xBB, 0xF0, 0x00, 0xFD
	.byte 0x01, 0xFB, 0xFC, 0x06, 0x04, 0xFC, 0x01, 0x02, 0xFC, 0x03, 0x03, 0xCA
	.byte 0xD9, 0xE6, 0xD7, 0xDC, 0x1B, 0x00, 0xDD, 0x00, 0xCA, 0xC9, 0xC5, 0x1B
	.byte 0xC7, 0xC9, 0xC8, 0x00, 0xE7, 0xDD, 0x00, 0xDD, 0xE1, 0xE4, 0xD9, 0xDB
	.byte 0xE2, 0xD5, 0xE2, 0xE3, 0x00, 0xD7, 0xE3, 0xE7, 0x1E, 0xFE, 0xE8, 0xD5
	.byte 0xE2, 0xE8, 0xE3, 0x00, 0xE2, 0xD9, 0xE0, 0xE0, 0xD5, 0x00, 0xE0, 0xE3
	.byte 0xE8, 0xE8, 0xD5, 0xB8, 0x00, 0xE7, 0xD9, 0xD7, 0xE3, 0xE2, 0xD8, 0xE3
	.byte 0x00, 0xE8, 0xD9, 0xAC, 0xFB, 0xC3, 0xE3, 0x00, 0xD7, 0xE6, 0xD9, 0xD8
	.byte 0xE3, 0x00, 0xD7, 0xDC, 0xD9, 0x00, 0xE0, 0xE3, 0x00, 0xDA, 0xD5, 0xD7
	.byte 0xD7, 0xDD, 0xD5, 0xE2, 0xE3, 0x00, 0xE4, 0xD9, 0xE6, 0xFE, 0xE6, 0xDD
	.byte 0xD7, 0xE3, 0xE2, 0xE3, 0xE7, 0xD7, 0xD9, 0xE2, 0xEE, 0xD5, 0x00, 0xEA
	.byte 0xD9, 0xE6, 0xE7, 0xE3, 0x00, 0xE0, 0xB4, 0xD5, 0xDA, 0xDA, 0xD9, 0xE8
	.byte 0xE8, 0xE3, 0x00, 0xD7, 0xDC, 0xD9, 0xFA, 0xD8, 0xDD, 0xE1, 0xE3, 0xE7
	.byte 0xE8, 0xE6, 0xDD, 0xD5, 0xE1, 0xE3, 0x00, 0xE4, 0xD9, 0xE6, 0x00, 0xE0
	.byte 0xE3, 0xE6, 0xE3, 0xAD, 0xFB, 0xC8, 0xE3, 0xE2, 0x00, 0xD8, 0xDD, 0xE1
	.byte 0xD9, 0xE2, 0xE8, 0xDD, 0xD7, 0xD5, 0xE6, 0xE0, 0xE3, 0x00, 0xE1, 0xD5
	.byte 0xDD, 0xAB, 0xFF
gFameCheckerPersonName_Daisy::
	.byte 0xFC, 0x01, 0x08, 0xFC, 0x03, 0x09, 0xC7, 0xBB, 0xCC, 0xC1, 0xC3, 0xFF
gFameCheckerPersonQuote_Daisy::
	.byte 0xFC, 0x01, 0x08, 0xFC, 0x03, 0x09, 0xBE, 0xD5, 0xF0, 0x00, 0xC7, 0xBB
	.byte 0xCC, 0xC1, 0xC3, 0xFE, 0xBB, 0xF0, 0x00, 0xFD, 0x01, 0xFB, 0xFC, 0x06
	.byte 0x05, 0xFC, 0x01, 0x02, 0xFC, 0x03, 0x03, 0xC7, 0xD9, 0xE2, 0xE8, 0xE6
	.byte 0xD9, 0x00, 0xD7, 0xE3, 0xE2, 0xE8, 0xDD, 0xE2, 0xE9, 0xE3, 0x00, 0xD5
	.byte 0x00, 0xE7, 0xE3, 0xE6, 0xE7, 0xD9, 0xDB, 0xDB, 0xDD, 0xD5, 0xE6, 0xD9
	.byte 0x00, 0xDD, 0xE0, 0xFE, 0xE1, 0xDD, 0xE3, 0x00, 0xE8, 0x1A, 0xB8, 0x00
	.byte 0xD8, 0xDD, 0xEA, 0xD9, 0xE2, 0xE8, 0xDD, 0x00, 0xE7, 0xD9, 0xE1, 0xE4
	.byte 0xE6, 0xD9, 0x00, 0xE4, 0xDD, 0x26, 0x00, 0xDA, 0xE3, 0xE6, 0xE8, 0xD9
	.byte 0xAB, 0xFB, 0xCD, 0xE4, 0xD9, 0xE6, 0xE3, 0x00, 0xD7, 0xDC, 0xD9, 0x00
	.byte 0xE2, 0xE3, 0xE2, 0x00, 0xD8, 0xDD, 0xEA, 0xD9, 0xE2, 0xE8, 0xD9, 0xE6
	.byte 0xD5, 0xDD, 0x00, 0xE9, 0xE2, 0xFE, 0xD5, 0xEA, 0xEA, 0xD9, 0xE6, 0xE7
	.byte 0xD5, 0xE6, 0xDD, 0xE3, 0x00, 0xE8, 0xE6, 0xE3, 0xE4, 0xE4, 0xE3, 0x00
	.byte 0xE4, 0xE3, 0xE8, 0xD9, 0xE2, 0xE8, 0xD9, 0x00, 0xE4, 0xD9, 0xE6, 0x00
	.byte 0xDD, 0xE0, 0xFA, 0xE1, 0xDD, 0xE3, 0x00, 0xDA, 0xE6, 0xD5, 0xE8, 0xD9
	.byte 0xE0, 0xE0, 0xDD, 0xE2, 0xE3, 0xAB, 0xFF
gFameCheckerPersonName_Brock::
	.byte 0xFC, 0x01, 0x08, 0xFC, 0x03, 0x09, 0xBC, 0xCC, 0xC9, 0xBD, 0xC5, 0xFF
gFameCheckerPersonQuote_Brock::
	.byte 0xFC, 0x01, 0x08, 0xFC, 0x03, 0x09, 0xBE, 0xD5, 0xF0, 0x00, 0xBC, 0xCC
	.byte 0xC9, 0xBD, 0xC5, 0xFE, 0xBB, 0xF0, 0x00, 0xFD, 0x01, 0xFB, 0xFC, 0x06
	.byte 0x04, 0xFC, 0x01, 0x02, 0xFC, 0x03, 0x03, 0xBD, 0xDD, 0x00, 0xE7, 0xE3
	.byte 0xE2, 0xE3, 0x00, 0xE7, 0xDD, 0xD7, 0xE9, 0xE6, 0xD5, 0xE1, 0xD9, 0xE2
	.byte 0xE8, 0xD9, 0x00, 0xE1, 0xE3, 0xE0, 0xE8, 0xDD, 0x00, 0xDB, 0xE6, 0xD5
	.byte 0xE2, 0xD8, 0xDD, 0xFE, 0xBB, 0xC6, 0xC6, 0xBF, 0xC8, 0xBB, 0xCE, 0xC9
	.byte 0xCC, 0xC3, 0x00, 0xDD, 0xE2, 0x00, 0xE5, 0xE9, 0xD9, 0xE7, 0xE8, 0xE3
	.byte 0x00, 0xE1, 0xE3, 0xE2, 0xD8, 0xE3, 0xAD, 0xFB, 0xCA, 0xD9, 0xE6, 0x00
	.byte 0xE5, 0xE9, 0xD9, 0xE7, 0xE8, 0xE3, 0x00, 0xD8, 0xE3, 0xD6, 0xD6, 0xDD
	.byte 0xD5, 0xE1, 0xE3, 0x00, 0xD7, 0xE3, 0xE2, 0xE8, 0xDD, 0xE2, 0xE9, 0xD5
	.byte 0xE6, 0xD9, 0x00, 0xD5, 0xD8, 0xFE, 0xD5, 0xE0, 0xE0, 0xD9, 0xE2, 0xD5
	.byte 0xE6, 0xD7, 0xDD, 0x00, 0xD9, 0x00, 0xD5, 0x00, 0xE1, 0xDD, 0xDB, 0xE0
	.byte 0xDD, 0xE3, 0xE6, 0xD5, 0xE6, 0xD9, 0xAD, 0xFF
gFameCheckerPersonName_Misty::
	.byte 0xFC, 0x01, 0x08, 0xFC, 0x03, 0x09, 0xC7, 0xC3, 0xCD, 0xCE, 0xD3, 0xFF
gFameCheckerPersonQuote_Misty::
	.byte 0xFC, 0x01, 0x08, 0xFC, 0x03, 0x09, 0xBE, 0xD5, 0xF0, 0x00, 0xC7, 0xC3
	.byte 0xCD, 0xCE, 0xD3, 0xFE, 0xBB, 0xF0, 0x00, 0xFD, 0x01, 0xFB, 0xFC, 0x06
	.byte 0x05, 0xFC, 0x01, 0x02, 0xFC, 0x03, 0x03, 0xBD, 0xE3, 0xE2, 0xE8, 0xDD
	.byte 0xE2, 0xE9, 0xD9, 0xE6, 0x22, 0x00, 0xD5, 0xD8, 0x00, 0xD5, 0xE0, 0xE0
	.byte 0xD9, 0xE2, 0xD5, 0xE6, 0xE1, 0xDD, 0x00, 0xE5, 0xE9, 0xDD, 0xFE, 0xE2
	.byte 0xD9, 0xE0, 0xE0, 0xD5, 0x00, 0xCA, 0xBB, 0xC6, 0xBF, 0xCD, 0xCE, 0xCC
	.byte 0xBB, 0xAD, 0xFB, 0xBF, 0x00, 0xE5, 0xE9, 0xD5, 0xE2, 0xD8, 0xE3, 0x00
	.byte 0xE7, 0xD5, 0xE6, 0x22, 0x00, 0xD5, 0xD6, 0xD6, 0xD5, 0xE7, 0xE8, 0xD5
	.byte 0xE2, 0xEE, 0xD5, 0x00, 0xDA, 0xE3, 0xE6, 0xE8, 0xD9, 0xB8, 0xFE, 0xE1
	.byte 0xDD, 0x00, 0xE1, 0xD9, 0xE8, 0xE8, 0xD9, 0xE6, 0x22, 0x00, 0xDD, 0xE2
	.byte 0x00, 0xEA, 0xDD, 0xD5, 0xDB, 0xDB, 0xDD, 0xE3, 0xB8, 0x00, 0xD7, 0xE3
	.byte 0xE1, 0xD9, 0x00, 0xE8, 0xD9, 0xAB, 0xFF
gFameCheckerPersonName_LtSurge::
	.byte 0xFC, 0x01, 0x08, 0xFC, 0x03, 0x09, 0xC6, 0xCE, 0xAD, 0x00, 0xCD, 0xCF
	.byte 0xCC, 0xC1, 0xBF, 0xFF
gFameCheckerPersonQuote_LtSurge::
	.byte 0xFC, 0x01, 0x08, 0xFC, 0x03, 0x09, 0xBE, 0xD5, 0xF0, 0x00, 0xC6, 0xCE
	.byte 0xAD, 0x00, 0xCD, 0xCF, 0xCC, 0xC1, 0xBF, 0xFE, 0xBB, 0xF0, 0x00, 0xFD
	.byte 0x01, 0xFB, 0xFC, 0x06, 0x04, 0xFC, 0x01, 0x02, 0xFC, 0x03, 0x03, 0xBF
	.byte 0xDC, 0xDD, 0xAB, 0x00, 0xC3, 0xE0, 0x00, 0xE8, 0xE9, 0xE3, 0x00, 0xE7
	.byte 0xE8, 0xDD, 0xE0, 0xD9, 0x00, 0xE1, 0xDD, 0x00, 0xDC, 0xD5, 0x00, 0xD8
	.byte 0xD5, 0xEA, 0xEA, 0xD9, 0xE6, 0xE3, 0xFE, 0xD9, 0xE0, 0xD9, 0xE8, 0xE8
	.byte 0xE6, 0xDD, 0xEE, 0xEE, 0xD5, 0xE8, 0xE3, 0xB8, 0x00, 0xE7, 0xD5, 0xDD
	.byte 0xAC, 0xFB, 0xC8, 0xE3, 0xE2, 0x00, 0xE7, 0xD5, 0xE4, 0xD9, 0xEA, 0xE3
	.byte 0x00, 0xD7, 0xDC, 0xD9, 0x00, 0xE9, 0xE2, 0x00, 0xBB, 0xC6, 0xC6, 0xBF
	.byte 0xC8, 0xBB, 0xCE, 0xC9, 0xCC, 0xBF, 0xFE, 0xE4, 0xE3, 0xE8, 0xD9, 0xE7
	.byte 0xE7, 0xD9, 0x00, 0xD5, 0xEA, 0xD9, 0xE6, 0xD9, 0x00, 0xE8, 0xD5, 0xE2
	.byte 0xE8, 0xE3, 0x00, 0xD7, 0xE3, 0xE6, 0xD5, 0xDB, 0xDB, 0xDD, 0xE3, 0xAD
	.byte 0xFB, 0xBF, 0x00, 0xDC, 0xE3, 0x00, 0xD8, 0xE3, 0xEA, 0xE9, 0xE8, 0xE3
	.byte 0x00, 0xE6, 0xDD, 0xD7, 0xE6, 0xD9, 0xD8, 0xD9, 0xE6, 0xE1, 0xDD, 0x00
	.byte 0xE7, 0xE9, 0xE0, 0x00, 0xE8, 0xE9, 0xE3, 0xFE, 0xD7, 0xE3, 0xE2, 0xE8
	.byte 0xE3, 0xAB, 0xFF
gFameCheckerPersonName_Erika::
	.byte 0xFC, 0x01, 0x08, 0xFC, 0x03, 0x09, 0xBF, 0xCC, 0xC3, 0xC5, 0xBB, 0xFF
gFameCheckerPersonQuote_Erika::
	.byte 0xFC, 0x01, 0x08, 0xFC, 0x03, 0x09, 0xBE, 0xD5, 0xF0, 0x00, 0xBF, 0xCC
	.byte 0xC3, 0xC5, 0xBB, 0xFE, 0xBB, 0xF0, 0x00, 0xFD, 0x01, 0xFB, 0xFC, 0x06
	.byte 0x05, 0xFC, 0x01, 0x02, 0xFC, 0x03, 0x03, 0xCD, 0xE3, 0xE2, 0xE3, 0x00
	.byte 0xD7, 0xE3, 0xE7, 0x1E, 0x00, 0xD7, 0xE3, 0xE2, 0xE8, 0xD9, 0xE2, 0xE8
	.byte 0xD5, 0x00, 0xD7, 0xDC, 0xD9, 0x00, 0xD7, 0xDD, 0x00, 0xE7, 0xDD, 0xD5
	.byte 0xE2, 0xE3, 0xFE, 0xBB, 0xC6, 0xC6, 0xBF, 0xC8, 0xBB, 0xCE, 0xC9, 0xCC
	.byte 0xC3, 0x00, 0xDA, 0xE3, 0xE6, 0xE8, 0xDD, 0x00, 0xD7, 0xE3, 0xE1, 0xD9
	.byte 0x00, 0xE8, 0xD9, 0xAB, 0xFB, 0xC3, 0xE0, 0x00, 0xE7, 0xE3, 0xE0, 0xE3
	.byte 0x00, 0xDA, 0xD5, 0xE8, 0xE8, 0xE3, 0x00, 0xD8, 0xDD, 0x00, 0xE4, 0xD9
	.byte 0xE2, 0xE7, 0xD5, 0xE6, 0xD9, 0x00, 0xD5, 0xE0, 0xE0, 0xD5, 0x00, 0xE8
	.byte 0xE9, 0xD5, 0xFE, 0xDA, 0xE3, 0xE6, 0xEE, 0xD5, 0x00, 0xE1, 0xDD, 0x00
	.byte 0xE7, 0xE4, 0xE6, 0xE3, 0xE2, 0xD5, 0x00, 0xD5, 0x00, 0xDA, 0xD5, 0xE6
	.byte 0xD9, 0x00, 0xE7, 0xD9, 0xE1, 0xE4, 0xE6, 0xD9, 0xFA, 0xE1, 0xD9, 0xDB
	.byte 0xE0, 0xDD, 0xE3, 0xAB, 0xFB, 0xCE, 0xE3, 0xE6, 0xE2, 0xD5, 0x00, 0xD5
	.byte 0x00, 0xE8, 0xE6, 0xE3, 0xEA, 0xD5, 0xE6, 0xE1, 0xDD, 0xB8, 0x00, 0xE5
	.byte 0xE9, 0xD5, 0xE0, 0xD7, 0xDC, 0xD9, 0x00, 0xEA, 0xE3, 0xE0, 0xE8, 0xD5
	.byte 0xAB, 0xFE, 0xD4, 0xEE, 0xEE, 0xB0, 0xFF
gFameCheckerPersonName_Koga::
	.byte 0xFC, 0x01, 0x08, 0xFC, 0x03, 0x09, 0xC5, 0xC9, 0xC1, 0xBB, 0xFF
gFameCheckerPersonQuote_Koga::
	.byte 0xFC, 0x01, 0x08, 0xFC, 0x03, 0x09, 0xBE, 0xD5, 0xF0, 0x00, 0xC5, 0xC9
	.byte 0xC1, 0xBB, 0xFE, 0xBB, 0xF0, 0x00, 0xFD, 0x01, 0xFB, 0xFC, 0x06, 0x04
	.byte 0xFC, 0x01, 0x02, 0xFC, 0x03, 0x03, 0xC3, 0xE3, 0x00, 0xD9, 0x00, 0xE8
	.byte 0xD9, 0x00, 0xD8, 0xE3, 0xD6, 0xD6, 0xDD, 0xD5, 0xE1, 0xE3, 0x00, 0xE0
	.byte 0xD5, 0xEA, 0xE3, 0xE6, 0xD5, 0xE6, 0xD9, 0x00, 0xD7, 0xE3, 0xE2, 0xFE
	.byte 0xE7, 0xD9, 0xE1, 0xE4, 0xE6, 0xD9, 0x00, 0xE1, 0xD5, 0xDB, 0xDB, 0xDD
	.byte 0xE3, 0xE6, 0xD9, 0x00, 0xD8, 0xD9, 0xE8, 0xD9, 0xE6, 0xE1, 0xDD, 0xE2
	.byte 0xD5, 0xEE, 0xDD, 0xE3, 0xE2, 0xD9, 0x00, 0xE4, 0xD9, 0xE6, 0xFA, 0xE6
	.byte 0xD5, 0xDB, 0xDB, 0xDD, 0xE9, 0xE2, 0xDB, 0xD9, 0xE6, 0xD9, 0x00, 0xDD
	.byte 0x00, 0xE2, 0xE3, 0xE7, 0xE8, 0xE6, 0xDD, 0x00, 0xE3, 0xD6, 0xDD, 0xD9
	.byte 0xE8, 0xE8, 0xDD, 0xEA, 0xDD, 0xAB, 0xFB, 0xC9, 0xE6, 0xD5, 0x00, 0xE8
	.byte 0xDD, 0x00, 0xE7, 0xD5, 0xE0, 0xE9, 0xE8, 0xE3, 0xB8, 0x00, 0xD8, 0xD9
	.byte 0xEA, 0xE3, 0x00, 0xD5, 0xE2, 0xD8, 0xD5, 0xE6, 0xD9, 0x00, 0xD5, 0xD8
	.byte 0xFE, 0xD5, 0xE0, 0xE0, 0xD9, 0xE2, 0xD5, 0xE6, 0xD9, 0x00, 0xE1, 0xDD
	.byte 0xD5, 0x00, 0xDA, 0xDD, 0xDB, 0xE0, 0xDD, 0xD5, 0xAD, 0xFF
gFameCheckerPersonName_Sabrina::
	.byte 0xFC, 0x01, 0x08, 0xFC, 0x03, 0x09, 0xCD, 0xBB, 0xBC, 0xCC, 0xC3, 0xC8
	.byte 0xBB, 0xFF
gFameCheckerPersonQuote_Sabrina::
	.byte 0xFC, 0x01, 0x08, 0xFC, 0x03, 0x09, 0xBE, 0xD5, 0xF0, 0x00, 0xCD, 0xBB
	.byte 0xBC, 0xCC, 0xC3, 0xC8, 0xBB, 0xFE, 0xBB, 0xF0, 0x00, 0xFD, 0x01, 0xFB
	.byte 0xFC, 0x06, 0x05, 0xFC, 0x01, 0x02, 0xFC, 0x03, 0x03, 0xC3, 0xE0, 0x00
	.byte 0xE8, 0xE9, 0xE3, 0x00, 0xD5, 0xE1, 0xE3, 0xE6, 0xD9, 0x00, 0xEA, 0xD9
	.byte 0xE6, 0xE7, 0xE3, 0x00, 0xDD, 0x00, 0xCA, 0xC9, 0xC5, 0x1B, 0xC7, 0xC9
	.byte 0xC8, 0xB0, 0xFB, 0xB0, 0x1A, 0x00, 0xE9, 0xE2, 0xD5, 0x00, 0xDA, 0xE3
	.byte 0xE6, 0xEE, 0xD5, 0x00, 0xD7, 0xDC, 0xD9, 0x00, 0xDD, 0x00, 0xE1, 0xDD
	.byte 0xD9, 0xDD, 0x00, 0xE4, 0xE3, 0xE8, 0xD9, 0xE6, 0xDD, 0xFE, 0xE4, 0xE7
	.byte 0xDD, 0xD7, 0xDC, 0xDD, 0xD7, 0xDD, 0x00, 0xE2, 0xE3, 0xE2, 0x00, 0xE4
	.byte 0xE3, 0xE8, 0xE6, 0xD5, 0xE2, 0xE2, 0xE3, 0x00, 0xE1, 0xD5, 0xDD, 0xFA
	.byte 0xD9, 0xDB, 0xE9, 0xD5, 0xDB, 0xE0, 0xDD, 0xD5, 0xE6, 0xD9, 0xAB, 0xFF
gFameCheckerPersonName_Blaine::
	.byte 0xFC, 0x01, 0x08, 0xFC, 0x03, 0x09, 0xBC, 0xC6, 0xBB, 0xC3, 0xC8, 0xBF
	.byte 0xFF
gFameCheckerPersonQuote_Blaine::
	.byte 0xFC, 0x01, 0x08, 0xFC, 0x03, 0x09, 0xBE, 0xD5, 0xF0, 0x00, 0xBC, 0xC6
	.byte 0xBB, 0xC3, 0xC8, 0xBF, 0xFE, 0xBB, 0xF0, 0x00, 0xFD, 0x01, 0xFB, 0xFC
	.byte 0x06, 0x04, 0xFC, 0x01, 0x02, 0xFC, 0x03, 0x03, 0xC3, 0x00, 0xE1, 0xDD
	.byte 0xD9, 0xDD, 0x00, 0xCA, 0xC9, 0xC5, 0x1B, 0xC7, 0xC9, 0xC8, 0x00, 0xD8
	.byte 0xDD, 0x00, 0xE8, 0xDD, 0xE4, 0xE3, 0xFE, 0xC0, 0xCF, 0xC9, 0xBD, 0xC9
	.byte 0x00, 0xD8, 0xDD, 0xEA, 0xD9, 0xE2, 0xE8, 0xD5, 0xE2, 0xE3, 0x00, 0xE7
	.byte 0xD9, 0xE1, 0xE4, 0xE6, 0xD9, 0x00, 0xE4, 0xDD, 0x26, 0x00, 0xDA, 0xE3
	.byte 0xE6, 0xE8, 0xDD, 0xAB, 0xFB, 0xBB, 0xE7, 0xD7, 0xE3, 0xE0, 0xE8, 0xD5
	.byte 0xB8, 0x00, 0xE8, 0xDD, 0x00, 0xDA, 0xD5, 0xD7, 0xD7, 0xDD, 0xE3, 0x00
	.byte 0xE9, 0xE2, 0x00, 0xE5, 0xE9, 0xDD, 0xEE, 0xF0, 0x00, 0xE7, 0xD5, 0xDD
	.byte 0xFE, 0xE5, 0xE9, 0xD5, 0xE2, 0xE8, 0xDD, 0x00, 0xCA, 0xC9, 0xC5, 0x1B
	.byte 0xC7, 0xC9, 0xC8, 0x00, 0xD8, 0xDD, 0x00, 0xE8, 0xDD, 0xE4, 0xE3, 0x00
	.byte 0xC0, 0xCF, 0xC9, 0xBD, 0xC9, 0xFA, 0xD9, 0xE7, 0xDD, 0xE7, 0xE8, 0xE3
	.byte 0xE2, 0xE3, 0xAC, 0xFF
gFameCheckerPersonName_Lorelei::
	.byte 0xFC, 0x01, 0x08, 0xFC, 0x03, 0x09, 0xC6, 0xC9, 0xCC, 0xBF, 0xC6, 0xBF
	.byte 0xC3, 0xFF
gFameCheckerPersonQuote_Lorelei::
	.byte 0xFC, 0x01, 0x08, 0xFC, 0x03, 0x09, 0xBE, 0xD5, 0xF0, 0x00, 0xC6, 0xC9
	.byte 0xCC, 0xBF, 0xC6, 0xBF, 0xC3, 0xFE, 0xBB, 0xF0, 0x00, 0xFD, 0x01, 0xFB
	.byte 0xFC, 0x06, 0x05, 0xFC, 0x01, 0x02, 0xFC, 0x03, 0x03, 0xD0, 0xE3, 0xE0
	.byte 0xD9, 0xEA, 0xE3, 0x00, 0xE7, 0xE3, 0xE0, 0xE3, 0x00, 0xE6, 0xDD, 0xE2
	.byte 0xDB, 0xE6, 0xD5, 0xEE, 0xDD, 0xD5, 0xE6, 0xE8, 0xDD, 0x00, 0xE4, 0xD9
	.byte 0xE6, 0x00, 0xDD, 0xE0, 0x00, 0xE8, 0xE9, 0xE3, 0xFE, 0xDB, 0xE6, 0xD5
	.byte 0xE2, 0xD8, 0xD9, 0x00, 0xD5, 0xDD, 0xE9, 0xE8, 0xE3, 0xAB, 0xFB, 0xC7
	.byte 0xD5, 0x00, 0xE5, 0xE9, 0xD9, 0xE7, 0xE8, 0xE3, 0x00, 0xE2, 0xE3, 0xE2
	.byte 0x00, 0xE7, 0xDD, 0xDB, 0xE2, 0xDD, 0xDA, 0xDD, 0xD7, 0xD5, 0x00, 0xD7
	.byte 0xDC, 0xD9, 0x00, 0xE2, 0xE3, 0xE2, 0xFE, 0xEA, 0xE3, 0xDB, 0xE0, 0xDD
	.byte 0xD5, 0x00, 0xD6, 0xD5, 0xE8, 0xE8, 0xD9, 0xE6, 0xE8, 0xDD, 0xAB, 0xFB
	.byte 0xC0, 0xD5, 0xDD, 0x00, 0xD5, 0xE8, 0xE8, 0xD9, 0xE2, 0xEE, 0xDD, 0xE3
	.byte 0xE2, 0xD9, 0xAB, 0xFF
gFameCheckerPersonName_Bruno::
	.byte 0xFC, 0x01, 0x08, 0xFC, 0x03, 0x09, 0xBC, 0xCC, 0xCF, 0xC8, 0xC9, 0xFF
gFameCheckerPersonQuote_Bruno::
	.byte 0xFC, 0x01, 0x08, 0xFC, 0x03, 0x09, 0xBE, 0xD5, 0xF0, 0x00, 0xBC, 0xCC
	.byte 0xCF, 0xC8, 0xC9, 0xFE, 0xBB, 0xF0, 0x00, 0xFD, 0x01, 0xFB, 0xFC, 0x06
	.byte 0x04, 0xFC, 0x01, 0x02, 0xFC, 0x03, 0x03, 0xC2, 0xE3, 0x00, 0xD5, 0xEA
	.byte 0xE9, 0xE8, 0xE3, 0x00, 0xE1, 0xE3, 0xD8, 0xE3, 0x00, 0xD8, 0xDD, 0x00
	.byte 0xEA, 0xD9, 0xD8, 0xD9, 0xE6, 0xD9, 0x00, 0xE0, 0xD5, 0x00, 0xDB, 0xE6
	.byte 0xD5, 0xE2, 0xD8, 0xD9, 0xFE, 0xE4, 0xE3, 0xE8, 0xD9, 0xE2, 0xEE, 0xD5
	.byte 0x00, 0xD8, 0xD9, 0xDD, 0x00, 0xE8, 0xE9, 0xE3, 0xDD, 0x00, 0xCA, 0xC9
	.byte 0xC5, 0x1B, 0xC7, 0xC9, 0xC8, 0xAD, 0xFB, 0xC6, 0xD5, 0x00, 0xE4, 0xE6
	.byte 0xE3, 0xE7, 0xE7, 0xDD, 0xE1, 0xD5, 0x00, 0xEA, 0xE3, 0xE0, 0xE8, 0xD5
	.byte 0xB8, 0x00, 0xE4, 0xD9, 0xE6, 0x22, 0xB8, 0x00, 0xE8, 0xDD, 0xFE, 0xDD
	.byte 0xE2, 0xE7, 0xD9, 0xDB, 0xE2, 0xD9, 0xE6, 0x22, 0x00, 0xD7, 0xE3, 0xE1
	.byte 0xD9, 0x00, 0xD5, 0xE0, 0xE0, 0xD9, 0xE2, 0xD5, 0xE6, 0xE0, 0xDD, 0x00
	.byte 0xD5, 0xE0, 0x00, 0xE1, 0xD9, 0xDB, 0xE0, 0xDD, 0xE3, 0xAD, 0xFF
gFameCheckerPersonName_Agatha::
	.byte 0xFC, 0x01, 0x08, 0xFC, 0x03, 0x09, 0xBB, 0xC1, 0xBB, 0xCE, 0xC2, 0xBB
	.byte 0xFF
gFameCheckerPersonQuote_Agatha::
	.byte 0xFC, 0x01, 0x08, 0xFC, 0x03, 0x09, 0xBE, 0xD5, 0xF0, 0x00, 0xBB, 0xC1
	.byte 0xBB, 0xCE, 0xC2, 0xBB, 0xFE, 0xBB, 0xF0, 0x00, 0xFD, 0x01, 0xFB, 0xFC
	.byte 0x06, 0x05, 0xFC, 0x01, 0x02, 0xFC, 0x03, 0x03, 0xBD, 0xE3, 0xE2, 0x00
	.byte 0xE0, 0xB4, 0xD9, 0xE8, 0x16, 0xB8, 0x00, 0xE2, 0xE3, 0xE2, 0x00, 0xE4
	.byte 0xE6, 0xE3, 0xEA, 0xD5, 0xE6, 0xD9, 0x00, 0xD5, 0xFE, 0xE6, 0xD5, 0xE1
	.byte 0xE1, 0xE3, 0xE0, 0xE0, 0xDD, 0xE6, 0xE8, 0xDD, 0x00, 0xD7, 0xE3, 0xE1
	.byte 0xD9, 0x00, 0xE5, 0xE9, 0xD9, 0xE0, 0x00, 0xE4, 0xD5, 0xE2, 0xE8, 0xE3
	.byte 0xDA, 0xE3, 0xE0, 0xD5, 0xDD, 0xE3, 0xFA, 0xD8, 0xDD, 0x00, 0xC9, 0xBB
	.byte 0xC5, 0xAB, 0xFB, 0xBD, 0xE3, 0xE2, 0xE8, 0xDD, 0xE2, 0xE9, 0xD5, 0x00
	.byte 0xD5, 0x00, 0xE0, 0xE3, 0xE8, 0xE8, 0xD5, 0xE6, 0xD9, 0xB8, 0x00, 0xD7
	.byte 0xE3, 0xE1, 0xD9, 0x00, 0xE1, 0xD9, 0xAB, 0xFF
gFameCheckerPersonName_Lance::
	.byte 0xFC, 0x01, 0x08, 0xFC, 0x03, 0x09, 0xC6, 0xBB, 0xC8, 0xBD, 0xBF, 0xFF
gFameCheckerPersonQuote_Lance::
	.byte 0xFC, 0x01, 0x08, 0xFC, 0x03, 0x09, 0xBE, 0xD5, 0xF0, 0x00, 0xC6, 0xBB
	.byte 0xC8, 0xBD, 0xBF, 0xFE, 0xBB, 0xF0, 0x00, 0xFD, 0x01, 0xFB, 0xFC, 0x06
	.byte 0x04, 0xFC, 0x01, 0x02, 0xFC, 0x03, 0x03, 0xCD, 0xE8, 0xE3, 0x00, 0xE4
	.byte 0xD9, 0xE2, 0xE7, 0xD5, 0xE2, 0xD8, 0xE3, 0x00, 0xD8, 0xDD, 0x00, 0xE8
	.byte 0xE3, 0xE6, 0xE2, 0xD5, 0xE6, 0xD9, 0xFE, 0xE2, 0xD9, 0xE0, 0xE0, 0xD5
	.byte 0x00, 0xE1, 0xDD, 0xD5, 0x00, 0xD7, 0xDD, 0xE8, 0xE8, 0x16, 0x00, 0xE2
	.byte 0xD5, 0xE8, 0xD5, 0xE0, 0xD9, 0xAD, 0xFB, 0xC6, 0x16, 0x00, 0xEA, 0xE3
	.byte 0xDB, 0xE0, 0xDD, 0xE3, 0x00, 0xD7, 0xE3, 0xE2, 0xE8, 0xDD, 0xE2, 0xE9
	.byte 0xD5, 0xE6, 0xD9, 0x00, 0xD5, 0x00, 0xE4, 0xE3, 0xE8, 0xD9, 0xE2, 0xEE
	.byte 0xDD, 0xD5, 0xE6, 0xD9, 0x00, 0xDD, 0xFE, 0xE1, 0xDD, 0xD9, 0xDD, 0x00
	.byte 0xCA, 0xC9, 0xC5, 0x1B, 0xC7, 0xC9, 0xC8, 0x00, 0xD8, 0xDD, 0x00, 0xE8
	.byte 0xDD, 0xE4, 0xE3, 0x00, 0xBE, 0xCC, 0xBB, 0xC1, 0xC9, 0xAD, 0xFB, 0xBD
	.byte 0xDC, 0xDD, 0xE7, 0xE7, 0x16, 0xB8, 0x00, 0xE1, 0xD5, 0xDB, 0xD5, 0xE6
	.byte 0xDD, 0x00, 0xE9, 0xE2, 0x00, 0xDB, 0xDD, 0xE3, 0xE6, 0xE2, 0xE3, 0x00
	.byte 0xE8, 0xDD, 0x00, 0xDD, 0xE2, 0xEA, 0xDD, 0xE8, 0xD9, 0xE6, 0x22, 0xFE
	.byte 0xD9, 0x00, 0xE8, 0xDD, 0x00, 0xE1, 0xE3, 0xE7, 0xE8, 0xE6, 0xD9, 0xE6
	.byte 0x22, 0x00, 0xDD, 0x00, 0xE0, 0xE9, 0xE3, 0xDB, 0xDC, 0xDD, 0x00, 0xD8
	.byte 0xE3, 0xEA, 0xD9, 0x00, 0xE7, 0xE3, 0xE2, 0xE3, 0xFA, 0xD7, 0xE6, 0xD9
	.byte 0xE7, 0xD7, 0xDD, 0xE9, 0xE8, 0xE3, 0xAB, 0xFF
gFameCheckerPersonName_Bill::
	.byte 0xFC, 0x01, 0x08, 0xFC, 0x03, 0x09, 0xBC, 0xC3, 0xC6, 0xC6, 0xFF
gFameCheckerPersonQuote_Bill::
	.byte 0xFC, 0x01, 0x08, 0xFC, 0x03, 0x09, 0xBE, 0xD5, 0xF0, 0x00, 0xBC, 0xC3
	.byte 0xC6, 0xC6, 0xFE, 0xBB, 0xF0, 0x00, 0xFD, 0x01, 0xFB, 0xFC, 0x06, 0x04
	.byte 0xFC, 0x01, 0x02, 0xFC, 0x03, 0x03, 0xBD, 0xDD, 0xD5, 0xE3, 0xAB, 0x00
	.byte 0xBD, 0xBF, 0xC6, 0xC3, 0xC9, 0x00, 0xE1, 0xDD, 0x00, 0xDC, 0xD5, 0x00
	.byte 0xE4, 0xD5, 0xE6, 0xE0, 0xD5, 0xE8, 0xE3, 0x00, 0xE1, 0xE3, 0xE0, 0xE8
	.byte 0xE3, 0xFE, 0xD6, 0xD9, 0xE2, 0xD9, 0x00, 0xD8, 0xDD, 0x00, 0xE8, 0xD9
	.byte 0xAB, 0xFB, 0xC7, 0xDD, 0x00, 0xDA, 0xD5, 0x00, 0xE4, 0xDD, 0xD5, 0xD7
	.byte 0xD9, 0xE6, 0xD9, 0xB8, 0x00, 0xE7, 0xD5, 0xDD, 0xAC, 0xFB, 0xCA, 0xE6
	.byte 0xE3, 0xE1, 0xD9, 0xE8, 0xE8, 0xDD, 0xE1, 0xDD, 0x00, 0xD7, 0xDC, 0xD9
	.byte 0x00, 0xEA, 0xD9, 0xE6, 0xE6, 0xD5, 0xDD, 0x00, 0xD5, 0x00, 0xE8, 0xE6
	.byte 0xE3, 0xEA, 0xD5, 0xE6, 0xE1, 0xDD, 0xFE, 0xD5, 0xE4, 0xE4, 0xD9, 0xE2
	.byte 0xD5, 0x00, 0xE8, 0xE6, 0xE3, 0xEA, 0xDD, 0x00, 0xE9, 0xE2, 0x00, 0xCA
	.byte 0xC9, 0xC5, 0x1B, 0xC7, 0xC9, 0xC8, 0x00, 0xE6, 0xD5, 0xE6, 0xE3, 0xAB
	.byte 0xFF
gFameCheckerPersonName_MrFuji::
	.byte 0xFC, 0x01, 0x08, 0xFC, 0x03, 0x09, 0xC7, 0xCC, 0xAD, 0x00, 0xC0, 0xCF
	.byte 0xC4, 0xC3, 0xFF
gFameCheckerPersonQuote_MrFuji::
	.byte 0xFC, 0x01, 0x08, 0xFC, 0x03, 0x09, 0xBE, 0xD5, 0xF0, 0x00, 0xC7, 0xCC
	.byte 0xAD, 0x00, 0xC0, 0xCF, 0xC4, 0xC3, 0xFE, 0xBB, 0xF0, 0x00, 0xFD, 0x01
	.byte 0xFB, 0xFC, 0x06, 0x04, 0xFC, 0x01, 0x02, 0xFC, 0x03, 0x03, 0xC8, 0xE3
	.byte 0xE2, 0x00, 0xE4, 0xE6, 0xD9, 0xE3, 0xD7, 0xD7, 0xE9, 0xE4, 0xD5, 0xE6
	.byte 0xE8, 0xDD, 0x00, 0xE7, 0xE3, 0xE0, 0xE3, 0x00, 0xD8, 0xD9, 0xE0, 0xE0
	.byte 0xD5, 0xFE, 0xDA, 0xD9, 0xE0, 0xDD, 0xD7, 0xDD, 0xE8, 0x16, 0x00, 0xD8
	.byte 0xD9, 0xDD, 0x00, 0xE8, 0xE9, 0xE3, 0xDD, 0x00, 0xCA, 0xC9, 0xC5, 0x1B
	.byte 0xC7, 0xC9, 0xC8, 0xB0, 0xFB, 0xB0, 0xE1, 0xD5, 0x00, 0xE4, 0xD9, 0xE6
	.byte 0x00, 0xE0, 0xD5, 0x00, 0xDA, 0xD9, 0xE0, 0xDD, 0xD7, 0xDD, 0xE8, 0x16
	.byte 0x00, 0xD8, 0xDD, 0x00, 0xE8, 0xE9, 0xE8, 0xE8, 0xDD, 0x00, 0xDD, 0xFE
	.byte 0xCA, 0xC9, 0xC5, 0x1B, 0xC7, 0xC9, 0xC8, 0x00, 0xD8, 0xD9, 0xE0, 0x00
	.byte 0xE1, 0xE3, 0xE2, 0xD8, 0xE3, 0xAB, 0xFF
gFameCheckerPersonName_Giovanni::
	.byte 0xFC, 0x01, 0x08, 0xFC, 0x03, 0x09, 0xC1, 0xC3, 0xC9, 0xD0, 0xBB, 0xC8
	.byte 0xC8, 0xC3, 0xFF
gFameCheckerPersonQuote_Giovanni::
	.byte 0xFC, 0x01, 0x08, 0xFC, 0x03, 0x09, 0xBE, 0xD5, 0xF0, 0x00, 0xC1, 0xC3
	.byte 0xC9, 0xD0, 0xBB, 0xC8, 0xC8, 0xC3, 0xFE, 0xBB, 0xF0, 0x00, 0xFD, 0x01
	.byte 0xFB, 0xFC, 0x06, 0x04, 0xFC, 0x01, 0x02, 0xFC, 0x03, 0x03, 0xC8, 0xE3
	.byte 0xE2, 0x00, 0xDC, 0xE3, 0x00, 0xE4, 0xE6, 0xE3, 0xE4, 0xE6, 0xDD, 0xE3
	.byte 0x00, 0xE2, 0xDD, 0xD9, 0xE2, 0xE8, 0xD9, 0x00, 0xD8, 0xD5, 0x00, 0xD8
	.byte 0xDD, 0xE6, 0xE8, 0xDD, 0xAD, 0xFB, 0xBD, 0xE3, 0xE2, 0xE8, 0xDD, 0xE2
	.byte 0xE9, 0xD9, 0xE6, 0x22, 0x00, 0xD5, 0x00, 0xD7, 0xE3, 0xE2, 0xD7, 0xD9
	.byte 0xE2, 0xE8, 0xE6, 0xD5, 0xE6, 0xE1, 0xDD, 0x00, 0xE4, 0xD9, 0xE6, 0xFE
	.byte 0xD8, 0xDD, 0xEA, 0xD9, 0xE2, 0xE8, 0xD5, 0xE6, 0xD9, 0x00, 0xE7, 0xD9
	.byte 0xE1, 0xE4, 0xE6, 0xD9, 0x00, 0xE4, 0xDD, 0x26, 0x00, 0xDA, 0xE3, 0xE6
	.byte 0xE8, 0xD9, 0xAD, 0x00, 0xBF, 0x00, 0xD8, 0xD9, 0xDB, 0xE0, 0xDD, 0xFA
	.byte 0xD5, 0xE0, 0xE8, 0xE6, 0xDD, 0xB8, 0x00, 0xE2, 0xE3, 0xE2, 0x00, 0xE1
	.byte 0xDD, 0x00, 0xDD, 0xE1, 0xE4, 0xE3, 0xE6, 0xE8, 0xD5, 0xAB, 0xFF
gFameCheckerFlavorTextOriginLocation_ProfOak0::
	.string "BIANCAVILLA$"
gFameCheckerFlavorTextOriginLocation_ProfOak1::
	.string "LABORATORIO$"
gFameCheckerFlavorTextOriginLocation_ProfOak2::
	.string "LABORATORIO$"
gFameCheckerFlavorTextOriginLocation_ProfOak3::
	.string "SMERALDOPOLI$"
gFameCheckerFlavorTextOriginLocation_ProfOak4::
	.string "LEGA POKéMON$"
gFameCheckerFlavorTextOriginLocation_ProfOak5::
	.string "LABORATORIO$"
gFameCheckerFlavorTextOriginLocation_Daisy0::
	.string "LABORATORIO$"
gFameCheckerFlavorTextOriginLocation_Daisy1::
	.string "ARANCIOPOLI$"
gFameCheckerFlavorTextOriginLocation_Daisy2::
	.string "LABIRINTO MARINO$"
gFameCheckerFlavorTextOriginLocation_Daisy3::
	.string "SMERALDOPOLI$"
gFameCheckerFlavorTextOriginLocation_Daisy4::
	.string "VILLAZZURRA$"
gFameCheckerFlavorTextOriginLocation_Daisy5::
	.string "QUARTISOLA$"
gFameCheckerFlavorTextOriginLocation_Brock0::
	.string "PLUMBEOPOLI$"
gFameCheckerFlavorTextOriginLocation_Brock1::
	.string "PALESTRA PLUMBEOPOLI$"
gFameCheckerFlavorTextOriginLocation_Brock2::
	.string "PLUMBEOPOLI$"
gFameCheckerFlavorTextOriginLocation_Brock3::
	.string "PERCORSO 4$"
gFameCheckerFlavorTextOriginLocation_Brock4::
	.string "MONTE LUNA$"
gFameCheckerFlavorTextOriginLocation_Brock5::
	.string "MUSEO PLUMBEOPOLI$"
gFameCheckerFlavorTextOriginLocation_Misty0::
	.string "CELESTOPOLI$"
gFameCheckerFlavorTextOriginLocation_Misty1::
	.string "PALESTRA CELESTOPOLI$"
gFameCheckerFlavorTextOriginLocation_Misty2::
	.string "PALESTRA CELESTOPOLI$"
gFameCheckerFlavorTextOriginLocation_Misty3::
	.string "ISOLE SPUMARINE$"
gFameCheckerFlavorTextOriginLocation_Misty4::
	.string "CAPO CELESTOPOLI$"
gFameCheckerFlavorTextOriginLocation_Misty5::
	.string "CELESTOPOLI$"
gFameCheckerFlavorTextOriginLocation_LtSurge0::
	.string "ARANCIOPOLI$"
gFameCheckerFlavorTextOriginLocation_LtSurge1::
	.string "PALESTRA ARANCIOPOLI$"
gFameCheckerFlavorTextOriginLocation_LtSurge2::
	.string "PALESTRA ARANCIOPOLI$"
gFameCheckerFlavorTextOriginLocation_LtSurge3::
	.string "PALESTRA ARANCIOPOLI$"
gFameCheckerFlavorTextOriginLocation_LtSurge4::
	.string "PALESTRA ARANCIOPOLI$"
gFameCheckerFlavorTextOriginLocation_LtSurge5::
	.string "ARANCIOPOLI$"
gFameCheckerFlavorTextOriginLocation_Erika0::
	.string "AZZURROPOLI$"
gFameCheckerFlavorTextOriginLocation_Erika1::
	.string "PALESTRA AZZURROPOLI$"
gFameCheckerFlavorTextOriginLocation_Erika2::
	.string "PALESTRA AZZURROPOLI$"
gFameCheckerFlavorTextOriginLocation_Erika3::
	.string "PALESTRA AZZURROPOLI$"
gFameCheckerFlavorTextOriginLocation_Erika4::
	.string "PALESTRA AZZURROPOLI$"
gFameCheckerFlavorTextOriginLocation_Erika5::
	.string "VILLAZZURRA$"
gFameCheckerFlavorTextOriginLocation_Koga0::
	.string "FUCSIAPOLI$"
gFameCheckerFlavorTextOriginLocation_Koga1::
	.string "PALESTRA FUCSIAPOLI$"
gFameCheckerFlavorTextOriginLocation_Koga2::
	.string "PALESTRA FUCSIAPOLI$"
gFameCheckerFlavorTextOriginLocation_Koga3::
	.string "FUCSIAPOLI$"
gFameCheckerFlavorTextOriginLocation_Koga4::
	.string "FUCSIAPOLI$"
gFameCheckerFlavorTextOriginLocation_Koga5::
	.string "ZONA SAFARI$"
gFameCheckerFlavorTextOriginLocation_Sabrina0::
	.string "ZAFFERANOPOLI$"
gFameCheckerFlavorTextOriginLocation_Sabrina1::
	.string "TERZISOLA$"
gFameCheckerFlavorTextOriginLocation_Sabrina2::
	.string "PALESTRA ZAFFERANOPOLI$"
gFameCheckerFlavorTextOriginLocation_Sabrina3::
	.string "PALESTRA ZAFFERANOPOLI$"
gFameCheckerFlavorTextOriginLocation_Sabrina4::
	.string "ZAFFERANOPOLI$"
gFameCheckerFlavorTextOriginLocation_Sabrina5::
	.string "PALESTRA ZAFFERANOPOLI$"
gFameCheckerFlavorTextOriginLocation_Blaine0::
	.string "ISOLA CANNELLA$"
gFameCheckerFlavorTextOriginLocation_Blaine1::
	.string "PALESTRA ISOLA CANNELLA$"
gFameCheckerFlavorTextOriginLocation_Blaine2::
	.string "PALESTRA ISOLA CANNELLA$"
gFameCheckerFlavorTextOriginLocation_Blaine3::
	.string "ISOLA CANNELLA$"
gFameCheckerFlavorTextOriginLocation_Blaine4::
	.string "PALESTRA ISOLA CANNELLA$"
gFameCheckerFlavorTextOriginLocation_Blaine5::
	.string "PERLA dei MARI$"
gFameCheckerFlavorTextOriginLocation_Lorelei0::
	.string "LEGA POKéMON$"
gFameCheckerFlavorTextOriginLocation_Lorelei1::
	.string "LEGA POKéMON$"
gFameCheckerFlavorTextOriginLocation_Lorelei2::
	.string "QUARTISOLA$"
gFameCheckerFlavorTextOriginLocation_Lorelei3::
	.string "QUINTISOLA$"
gFameCheckerFlavorTextOriginLocation_Lorelei4::
	.string "QUARTISOLA$"
gFameCheckerFlavorTextOriginLocation_Lorelei5::
	.string "QUARTISOLA$"
gFameCheckerFlavorTextOriginLocation_Bruno0::
	.string "LEGA POKéMON$"
gFameCheckerFlavorTextOriginLocation_Bruno1::
	.string "LEGA POKéMON$"
gFameCheckerFlavorTextOriginLocation_Bruno2::
	.string "ZAFFERANOPOLI$"
gFameCheckerFlavorTextOriginLocation_Bruno3::
	.string "TERME LAVICHE$"
gFameCheckerFlavorTextOriginLocation_Bruno4::
	.string "SECONDISOLA$"
gFameCheckerFlavorTextOriginLocation_Bruno5::
	.string "CANYON SEPTION$"
gFameCheckerFlavorTextOriginLocation_Agatha0::
	.string "LEGA POKéMON$"
gFameCheckerFlavorTextOriginLocation_Agatha1::
	.string "ALTOPIANO BLU$"
gFameCheckerFlavorTextOriginLocation_Agatha2::
	.string "ALTOPIANO BLU$"
gFameCheckerFlavorTextOriginLocation_Agatha3::
	.string "SETTIMISOLA$"
gFameCheckerFlavorTextOriginLocation_Agatha4::
	.string "LEGA POKéMON$"
gFameCheckerFlavorTextOriginLocation_Agatha5::
	.string "SESTISOLA$"
gFameCheckerFlavorTextOriginLocation_Lance0::
	.string "LEGA POKéMON$"
gFameCheckerFlavorTextOriginLocation_Lance1::
	.string "LEGA POKéMON$"
gFameCheckerFlavorTextOriginLocation_Lance2::
	.string "ZAFFERANOPOLI$"
gFameCheckerFlavorTextOriginLocation_Lance3::
	.string "CENTRO C. AZZURROPOLI$"
gFameCheckerFlavorTextOriginLocation_Lance4::
	.string "ALTOPIANO BLU$"
gFameCheckerFlavorTextOriginLocation_Lance5::
	.string "ALTOPIANO BLU$"
gFameCheckerFlavorTextOriginLocation_Bill0::
	.string "CELESTOPOLI$"
gFameCheckerFlavorTextOriginLocation_Bill1::
	.string "CELESTOPOLI$"
gFameCheckerFlavorTextOriginLocation_Bill2::
	.string "FUCSIAPOLI$"
gFameCheckerFlavorTextOriginLocation_Bill3::
	.string "PRIMISOLA$"
gFameCheckerFlavorTextOriginLocation_Bill4::
	.string "PRIMISOLA$"
gFameCheckerFlavorTextOriginLocation_Bill5::
	.string "PRIMISOLA$"
gFameCheckerFlavorTextOriginLocation_MrFuji0::
	.string "LAVANDONIA$"
gFameCheckerFlavorTextOriginLocation_MrFuji1::
	.string "TORRE POKéMON$"
gFameCheckerFlavorTextOriginLocation_MrFuji2::
	.string "LAVANDONIA$"
gFameCheckerFlavorTextOriginLocation_MrFuji3::
	.string "LAVANDONIA$"
gFameCheckerFlavorTextOriginLocation_MrFuji4::
	.string "PALESTRA ISOLA CANNELLA$"
gFameCheckerFlavorTextOriginLocation_MrFuji5::
	.string "ISOLA CANNELLA$"
gFameCheckerFlavorTextOriginLocation_Giovanni0::
	.string "RIFUGIO ROCKET$"
gFameCheckerFlavorTextOriginLocation_Giovanni1::
	.string "SILPH SPA$"
gFameCheckerFlavorTextOriginLocation_Giovanni2::
	.string "SILPH SPA$"
gFameCheckerFlavorTextOriginLocation_Giovanni3::
	.string "PALESTRA SMERALDOPOLI$"
gFameCheckerFlavorTextOriginLocation_Giovanni4::
	.string "PALESTRA SMERALDOPOLI$"
gFameCheckerFlavorTextOriginLocation_Giovanni5::
	.string "MAGAZZINO ROCKET$"
gFameCheckerFlavorTextOriginObjectName_ProfOak0::
	.string "CARTELLO$"
gFameCheckerFlavorTextOriginObjectName_ProfOak1::
	.string "PROF. OAK$"
gFameCheckerFlavorTextOriginObjectName_ProfOak2::
	.string "ASSISTENTE$"
gFameCheckerFlavorTextOriginObjectName_ProfOak3::
	.string "POKéGIORNALE$"
gFameCheckerFlavorTextOriginObjectName_ProfOak4::
	.string "AGATHA$"
gFameCheckerFlavorTextOriginObjectName_ProfOak5::
	.string "ASSISTENTE$"
gFameCheckerFlavorTextOriginObjectName_Daisy0::
	.string "ASSISTENTE$"
gFameCheckerFlavorTextOriginObjectName_Daisy1::
	.string "DONNA$"
gFameCheckerFlavorTextOriginObjectName_Daisy2::
	.string "UOMO$"
gFameCheckerFlavorTextOriginObjectName_Daisy3::
	.string "POKéGIORNALE$"
gFameCheckerFlavorTextOriginObjectName_Daisy4::
	.string "VECCHIETTA$"
gFameCheckerFlavorTextOriginObjectName_Daisy5::
	.string "POKéGIORNALE$"
gFameCheckerFlavorTextOriginObjectName_Brock0::
	.string "CARTELLO$"
gFameCheckerFlavorTextOriginObjectName_Brock1::
	.string "BROCK$"
gFameCheckerFlavorTextOriginObjectName_Brock2::
	.string "GIOVANE$"
gFameCheckerFlavorTextOriginObjectName_Brock3::
	.string "RAGAZZO$"
gFameCheckerFlavorTextOriginObjectName_Brock4::
	.string "UOMO$"
gFameCheckerFlavorTextOriginObjectName_Brock5::
	.string "POKéGIORNALE$"
gFameCheckerFlavorTextOriginObjectName_Misty0::
	.string "CARTELLO$"
gFameCheckerFlavorTextOriginObjectName_Misty1::
	.string "MISTY$"
gFameCheckerFlavorTextOriginObjectName_Misty2::
	.string "LUIS$"
gFameCheckerFlavorTextOriginObjectName_Misty3::
	.string "GIOVANE$"
gFameCheckerFlavorTextOriginObjectName_Misty4::
	.string "SIGNORA$"
gFameCheckerFlavorTextOriginObjectName_Misty5::
	.string "POKéGIORNALE$"
gFameCheckerFlavorTextOriginObjectName_LtSurge0::
	.string "CARTELLO$"
gFameCheckerFlavorTextOriginObjectName_LtSurge1::
	.string "LT. SURGE$"
gFameCheckerFlavorTextOriginObjectName_LtSurge2::
	.string "PIERLUIGI$"
gFameCheckerFlavorTextOriginObjectName_LtSurge3::
	.string "PIERLUIGI$"
gFameCheckerFlavorTextOriginObjectName_LtSurge4::
	.string "AURELIO$"
gFameCheckerFlavorTextOriginObjectName_LtSurge5::
	.string "POKéGIORNALE$"
gFameCheckerFlavorTextOriginObjectName_Erika0::
	.string "CARTELLO$"
gFameCheckerFlavorTextOriginObjectName_Erika1::
	.string "ERIKA$"
gFameCheckerFlavorTextOriginObjectName_Erika2::
	.string "ALESSANDRA$"
gFameCheckerFlavorTextOriginObjectName_Erika3::
	.string "TAMIA$"
gFameCheckerFlavorTextOriginObjectName_Erika4::
	.string "ERIKA$"
gFameCheckerFlavorTextOriginObjectName_Erika5::
	.string "POKéGIORNALE$"
gFameCheckerFlavorTextOriginObjectName_Koga0::
	.string "CARTELLO$"
gFameCheckerFlavorTextOriginObjectName_Koga1::
	.string "KOGA$"
gFameCheckerFlavorTextOriginObjectName_Koga2::
	.string "KIRK$"
gFameCheckerFlavorTextOriginObjectName_Koga3::
	.string "CARINE$"
gFameCheckerFlavorTextOriginObjectName_Koga4::
	.string "POKéGIORNALE$"
gFameCheckerFlavorTextOriginObjectName_Koga5::
	.string "UOMO$"
gFameCheckerFlavorTextOriginObjectName_Sabrina0::
	.string "CARTELLO$"
gFameCheckerFlavorTextOriginObjectName_Sabrina1::
	.string "GIOVANE$"
gFameCheckerFlavorTextOriginObjectName_Sabrina2::
	.string "SABRINA$"
gFameCheckerFlavorTextOriginObjectName_Sabrina3::
	.string "SABRINA$"
gFameCheckerFlavorTextOriginObjectName_Sabrina4::
	.string "POKéGIORNALE$"
gFameCheckerFlavorTextOriginObjectName_Sabrina5::
	.string "TYRON$"
gFameCheckerFlavorTextOriginObjectName_Blaine0::
	.string "CARTELLO$"
gFameCheckerFlavorTextOriginObjectName_Blaine1::
	.string "BLAINE$"
gFameCheckerFlavorTextOriginObjectName_Blaine2::
	.string "LEOPOLDO$"
gFameCheckerFlavorTextOriginObjectName_Blaine3::
	.string "DONNA$"
gFameCheckerFlavorTextOriginObjectName_Blaine4::
	.string "FOTO$"
gFameCheckerFlavorTextOriginObjectName_Blaine5::
	.string "POKéGIORNALE$"
gFameCheckerFlavorTextOriginObjectName_Lorelei0::
	.string "LORELEI$"
gFameCheckerFlavorTextOriginObjectName_Lorelei1::
	.string "LORELEI$"
gFameCheckerFlavorTextOriginObjectName_Lorelei2::
	.string "VECCHIETTO$"
gFameCheckerFlavorTextOriginObjectName_Lorelei3::
	.string "POKéGIORNALE$"
gFameCheckerFlavorTextOriginObjectName_Lorelei4::
	.string "BAMBINA$"
gFameCheckerFlavorTextOriginObjectName_Lorelei5::
	.string "VECCHIETTA$"
gFameCheckerFlavorTextOriginObjectName_Bruno0::
	.string "BRUNO$"
gFameCheckerFlavorTextOriginObjectName_Bruno1::
	.string "BRUNO$"
gFameCheckerFlavorTextOriginObjectName_Bruno2::
	.string "POKéGIORNALE$"
gFameCheckerFlavorTextOriginObjectName_Bruno3::
	.string "MACINATORE$"
gFameCheckerFlavorTextOriginObjectName_Bruno4::
	.string "DONNA$"
gFameCheckerFlavorTextOriginObjectName_Bruno5::
	.string "MACINATORE$"
gFameCheckerFlavorTextOriginObjectName_Agatha0::
	.string "AGATHA$"
gFameCheckerFlavorTextOriginObjectName_Agatha1::
	.string "MACINATORE$"
gFameCheckerFlavorTextOriginObjectName_Agatha2::
	.string "MACINATORE$"
gFameCheckerFlavorTextOriginObjectName_Agatha3::
	.string "POKéGIORNALE$"
gFameCheckerFlavorTextOriginObjectName_Agatha4::
	.string "AGATHA$"
gFameCheckerFlavorTextOriginObjectName_Agatha5::
	.string "VECCHIETTA$"
gFameCheckerFlavorTextOriginObjectName_Lance0::
	.string "LANCE$"
gFameCheckerFlavorTextOriginObjectName_Lance1::
	.string "LANCE$"
gFameCheckerFlavorTextOriginObjectName_Lance2::
	.string "DONNA$"
gFameCheckerFlavorTextOriginObjectName_Lance3::
	.string "BAMBINA$"
gFameCheckerFlavorTextOriginObjectName_Lance4::
	.string "POKéGIORNALE$"
gFameCheckerFlavorTextOriginObjectName_Lance5::
	.string "GIOVANE$"
gFameCheckerFlavorTextOriginObjectName_Bill0::
	.string "{RIVAL}$"
gFameCheckerFlavorTextOriginObjectName_Bill1::
	.string "RAGAZZINO$"
gFameCheckerFlavorTextOriginObjectName_Bill2::
	.string "VECCHIETTO$"
gFameCheckerFlavorTextOriginObjectName_Bill3::
	.string "CELIO$"
gFameCheckerFlavorTextOriginObjectName_Bill4::
	.string "CELIO$"
gFameCheckerFlavorTextOriginObjectName_Bill5::
	.string "CELIO$"
gFameCheckerFlavorTextOriginObjectName_MrFuji0::
	.string "BAMBINA$"
gFameCheckerFlavorTextOriginObjectName_MrFuji1::
	.string "TEAM ROCKET$"
gFameCheckerFlavorTextOriginObjectName_MrFuji2::
	.string "RIVISTA$"
gFameCheckerFlavorTextOriginObjectName_MrFuji3::
	.string "UOMO$"
gFameCheckerFlavorTextOriginObjectName_MrFuji4::
	.string "FOTO$"
gFameCheckerFlavorTextOriginObjectName_MrFuji5::
	.string "POKéGIORNALE$"
gFameCheckerFlavorTextOriginObjectName_Giovanni0::
	.string "GIOVANNI$"
gFameCheckerFlavorTextOriginObjectName_Giovanni1::
	.string "SCIENZIATO$"
gFameCheckerFlavorTextOriginObjectName_Giovanni2::
	.string "SCIENZIATO$"
gFameCheckerFlavorTextOriginObjectName_Giovanni3::
	.string "GIOVANNI$"
gFameCheckerFlavorTextOriginObjectName_Giovanni4::
	.string "UOMO$"
gFameCheckerFlavorTextOriginObjectName_Giovanni5::
	.string "GIDEON$"
PokemonJournal_Text_SpecialFeatureBrock::
	.string "POKéGIORNALE\p"
	.string "Servizio speciale su…\n"
	.string "BROCK di PLUMBEOPOLI!\p"
	.string "BROCK ride di rado, ma quando\n"
	.string "inizia, non riesce più a fermarsi!$"
PokemonJournal_Text_SpecialFeatureMisty::
	.string "POKéGIORNALE\p"
	.string "Servizio speciale su…\n"
	.string "MISTY di CELESTOPOLI!\p"
	.string "MISTY è una fan di LORELEI\n"
	.string "dei SUPERQUATTRO!$"
PokemonJournal_Text_SpecialFeatureLtSurge::
	.string "POKéGIORNALE\p"
	.string "Servizio speciale su…\n"
	.string "LT. SURGE di ARANCIOPOLI!\p"
	.string "Pare che in America, dov'è nato,\n"
	.string "facesse il pilota.\p"
	.string "Il suo aereo era alimentato con\n"
	.string "l'energia dei POKéMON.$"
PokemonJournal_Text_SpecialFeatureErika::
	.string "POKéGIORNALE\p"
	.string "Servizio speciale su…\n"
	.string "ERIKA di AZZURROPOLI!\p"
	.string "Quando è sola nella PALESTRA di\n"
	.string "AZZURROPOLI, pare che ERIKA\l"
	.string "ogni tanto schiacci un pisolino.$"
PokemonJournal_Text_SpecialFeatureKoga::
	.string "POKéGIORNALE\p"
	.string "Servizio speciale su…\n"
	.string "KOGA di FUCSIAPOLI!\p"
	.string "Pare che KOGA abbia ottime\n"
	.string "conoscenze di medicina.\p"
	.string "Spesso prepara addirittura dei\n"
	.string "medicamenti per curare i POKéMON.$"
PokemonJournal_Text_SpecialFeatureSabrina::
	.string "POKéGIORNALE\p"
	.string "Servizio speciale su…\n"
	.string "SABRINA di ZAFFERANOPOLI!\p"
	.string "Pare che SABRINA, durante la\n"
	.string "lotta, possa comunicare con\l"
	.string "i suoi POKéMON senza parlare.$"
PokemonJournal_Text_SpecialFeatureBlaine::
	.string "POKéGIORNALE\p"
	.string "Servizio speciale su…\n"
	.string "BLAINE dell'ISOLA CANNELLA!\p"
	.string "Pare che BLAINE si liberi della\n"
	.string "sua aria cupa soltanto quando\l"
	.string "pensa a nuove domande per il quiz.$"
PokemonJournal_Text_SpecialFeatureLorelei::
	.string "POKéGIORNALE\p"
	.string "Servizio speciale su…\n"
	.string "LORELEI dei SUPERQUATTRO!\p"
	.string "Famosa per la freddezza e la\n"
	.string "perfezione del suo stile di lotta,\l"
	.string "LORELEI ha in serbo una sorpresa!$"
PokemonJournal_Text_SpecialFeatureBruno::
	.string "POKéGIORNALE\p"
	.string "Servizio speciale su…\n"
	.string "BRUNO dei SUPERQUATTRO!\p"
	.string "Pare che BRUNO sia entrato nei\n"
	.string "SUPERQUATTRO per l'ambizione\l"
	.string "di battere i migliori ALLENATORI.$"
PokemonJournal_Text_SpecialFeatureAgatha::
	.string "POKéGIORNALE\p"
	.string "Servizio speciale su…\n"
	.string "AGATHA dei SUPERQUATTRO!\p"
	.string "Un tempo, AGATHA e il PROF. OAK\n"
	.string "erano grandi rivali come\l"
	.string "ALLENATORI di POKéMON.$"
PokemonJournal_Text_SpecialFeatureLance::
	.string "POKéGIORNALE\p"
	.string "Servizio speciale su…\n"
	.string "LANCE dei SUPERQUATTRO!\p"
	.string "Si dice che il nonno di LANCE\n"
	.string "fosse a capo di una leggendaria\l"
	.string "banda di domatori di draghi.$"
PokemonJournal_Text_SpecialFeatureProfOak::
	.string "POKéGIORNALE\p"
	.string "Servizio speciale sul…\n"
	.string "PROF. OAK, ricercatore POKéMON!\p"
	.string "Pare che MARGI e {RIVAL} vivano\n"
	.string "con il nonno, il PROF. OAK.$"
PokemonJournal_Text_SpecialFeatureDaisyOak::
	.string "Una vecchia copia del\n"
	.string "POKéGIORNALE…\p"
	.string "Servizio speciale sulla…\n"
	.string "GARA POKéMON di Primavera!\p"
	.string "Vincitrice della GARA POKéMON\n"
	.string "di quest'anno è MARGI OAK\l"
	.string "di BIANCAVILLA!$"
PokemonJournal_Text_SpecialFeatureMrFuji::
	.string "POKéGIORNALE\p"
	.string "Edizione speciale su…\n"
	.string "MR. FUJI della CASA POKéMON!\p"
	.string "Purtroppo non è stato possibile\n"
	.string "ottenere un'intervista da MR. FUJI.\p"
	.string "Possiamo comunque confermare la\n"
	.string "grande gentilezza di quest'uomo,\l"
	.string "apprezzato da tutti a LAVANDONIA.$"
